environment,algorithm,seed,episode,train_reward,eval_reward,epsilon
MountainCar-v0,ddqn_per,0,1,-182.4117,,0.99
MountainCar-v0,ddqn_per,0,2,-168.5427,,0.9801
MountainCar-v0,ddqn_per,0,3,-200.0,,0.970299
MountainCar-v0,ddqn_per,0,4,-200.0,,0.960596
MountainCar-v0,ddqn_per,0,5,-184.1599,,0.95099
MountainCar-v0,ddqn_per,0,6,-177.176,,0.94148
MountainCar-v0,ddqn_per,0,7,-181.6463,,0.932065
MountainCar-v0,ddqn_per,0,8,-187.2337,,0.922745
MountainCar-v0,ddqn_per,0,9,-200.0,,0.913517
MountainCar-v0,ddqn_per,0,10,-173.8954,,0.904382
MountainCar-v0,ddqn_per,0,11,-200.0,,0.895338
MountainCar-v0,ddqn_per,0,12,-182.5818,,0.886385
MountainCar-v0,ddqn_per,0,13,-200.0,,0.877521
MountainCar-v0,ddqn_per,0,14,-195.7584,,0.868746
MountainCar-v0,ddqn_per,0,15,-192.4691,,0.860058
MountainCar-v0,ddqn_per,0,16,-200.0,,0.851458
MountainCar-v0,ddqn_per,0,17,-165.9379,,0.842943
MountainCar-v0,ddqn_per,0,18,-190.3226,,0.834514
MountainCar-v0,ddqn_per,0,19,-200.0,,0.826169
MountainCar-v0,ddqn_per,0,20,-200.0,,0.817907
MountainCar-v0,ddqn_per,0,21,-192.0581,,0.809728
MountainCar-v0,ddqn_per,0,22,-169.2025,,0.801631
MountainCar-v0,ddqn_per,0,23,-191.8027,,0.793614
MountainCar-v0,ddqn_per,0,24,-150.6154,,0.785678
MountainCar-v0,ddqn_per,0,25,-179.4991,,0.777821
MountainCar-v0,ddqn_per,0,26,-181.9297,,0.770043
MountainCar-v0,ddqn_per,0,27,-185.7233,,0.762343
MountainCar-v0,ddqn_per,0,28,-177.6514,,0.754719
MountainCar-v0,ddqn_per,0,29,-183.4304,,0.747172
MountainCar-v0,ddqn_per,0,30,-178.0623,,0.7397
MountainCar-v0,ddqn_per,0,31,-165.6235,,0.732303
MountainCar-v0,ddqn_per,0,32,-149.8091,,0.72498
MountainCar-v0,ddqn_per,0,33,-183.9032,,0.717731
MountainCar-v0,ddqn_per,0,34,-143.6406,,0.710553
MountainCar-v0,ddqn_per,0,35,-200.0,,0.703448
MountainCar-v0,ddqn_per,0,36,-159.7585,,0.696413
MountainCar-v0,ddqn_per,0,37,-196.9137,,0.689449
MountainCar-v0,ddqn_per,0,38,-150.1424,,0.682555
MountainCar-v0,ddqn_per,0,39,-159.1977,,0.675729
MountainCar-v0,ddqn_per,0,40,-150.4106,,0.668972
MountainCar-v0,ddqn_per,0,41,-180.9589,,0.662282
MountainCar-v0,ddqn_per,0,42,-155.1229,,0.655659
MountainCar-v0,ddqn_per,0,43,-173.8635,,0.649103
MountainCar-v0,ddqn_per,0,44,-193.0427,,0.642612
MountainCar-v0,ddqn_per,0,45,-189.3902,,0.636185
MountainCar-v0,ddqn_per,0,46,-200.0,,0.629824
MountainCar-v0,ddqn_per,0,47,-158.4818,,0.623525
MountainCar-v0,ddqn_per,0,48,-182.6508,,0.61729
MountainCar-v0,ddqn_per,0,49,-182.4829,,0.611117
MountainCar-v0,ddqn_per,0,50,-194.6307,-158.9823,0.605006
MountainCar-v0,ddqn_per,0,51,-200.0,,0.598956
MountainCar-v0,ddqn_per,0,52,-186.9058,,0.592966
MountainCar-v0,ddqn_per,0,53,-137.7124,,0.587037
MountainCar-v0,ddqn_per,0,54,-163.0157,,0.581166
MountainCar-v0,ddqn_per,0,55,-149.8811,,0.575355
MountainCar-v0,ddqn_per,0,56,-191.9452,,0.569601
MountainCar-v0,ddqn_per,0,57,-178.6359,,0.563905
MountainCar-v0,ddqn_per,0,58,-148.8028,,0.558266
MountainCar-v0,ddqn_per,0,59,-187.1516,,0.552683
MountainCar-v0,ddqn_per,0,60,-180.7637,,0.547157
MountainCar-v0,ddqn_per,0,61,-153.2916,,0.541685
MountainCar-v0,ddqn_per,0,62,-184.1568,,0.536268
MountainCar-v0,ddqn_per,0,63,-193.6707,,0.530906
MountainCar-v0,ddqn_per,0,64,-200.0,,0.525596
MountainCar-v0,ddqn_per,0,65,-135.4401,,0.520341
MountainCar-v0,ddqn_per,0,66,-185.0349,,0.515137
MountainCar-v0,ddqn_per,0,67,-168.8969,,0.509986
MountainCar-v0,ddqn_per,0,68,-141.5416,,0.504886
MountainCar-v0,ddqn_per,0,69,-186.4895,,0.499837
MountainCar-v0,ddqn_per,0,70,-180.6351,,0.494839
MountainCar-v0,ddqn_per,0,71,-176.8651,,0.48989
MountainCar-v0,ddqn_per,0,72,-160.0354,,0.484991
MountainCar-v0,ddqn_per,0,73,-175.3058,,0.480141
MountainCar-v0,ddqn_per,0,74,-186.6616,,0.47534
MountainCar-v0,ddqn_per,0,75,-184.5797,,0.470587
MountainCar-v0,ddqn_per,0,76,-167.9217,,0.465881
MountainCar-v0,ddqn_per,0,77,-174.1918,,0.461222
MountainCar-v0,ddqn_per,0,78,-160.9881,,0.45661
MountainCar-v0,ddqn_per,0,79,-167.8219,,0.452044
MountainCar-v0,ddqn_per,0,80,-192.1717,,0.447523
MountainCar-v0,ddqn_per,0,81,-164.1508,,0.443048
MountainCar-v0,ddqn_per,0,82,-141.7731,,0.438618
MountainCar-v0,ddqn_per,0,83,-145.7834,,0.434231
MountainCar-v0,ddqn_per,0,84,-166.6443,,0.429889
MountainCar-v0,ddqn_per,0,85,-174.4586,,0.42559
MountainCar-v0,ddqn_per,0,86,-182.7842,,0.421334
MountainCar-v0,ddqn_per,0,87,-124.4265,,0.417121
MountainCar-v0,ddqn_per,0,88,-148.531,,0.41295
MountainCar-v0,ddqn_per,0,89,-144.9592,,0.40882
MountainCar-v0,ddqn_per,0,90,-167.7816,,0.404732
MountainCar-v0,ddqn_per,0,91,-180.2025,,0.400685
MountainCar-v0,ddqn_per,0,92,-157.658,,0.396678
MountainCar-v0,ddqn_per,0,93,-181.1453,,0.392711
MountainCar-v0,ddqn_per,0,94,-148.3354,,0.388784
MountainCar-v0,ddqn_per,0,95,-166.6292,,0.384896
MountainCar-v0,ddqn_per,0,96,-188.4241,,0.381047
MountainCar-v0,ddqn_per,0,97,-182.2693,,0.377237
MountainCar-v0,ddqn_per,0,98,-182.7529,,0.373464
MountainCar-v0,ddqn_per,0,99,-151.9732,,0.36973
MountainCar-v0,ddqn_per,0,100,-184.8582,-158.9823,0.366032
MountainCar-v0,ddqn_per,0,101,-155.8698,,0.362372
MountainCar-v0,ddqn_per,0,102,-101.1637,,0.358748
MountainCar-v0,ddqn_per,0,103,-159.2849,,0.355161
MountainCar-v0,ddqn_per,0,104,-145.9201,,0.351609
MountainCar-v0,ddqn_per,0,105,-175.9785,,0.348093
MountainCar-v0,ddqn_per,0,106,-181.8211,,0.344612
MountainCar-v0,ddqn_per,0,107,-155.0213,,0.341166
MountainCar-v0,ddqn_per,0,108,-172.2649,,0.337754
MountainCar-v0,ddqn_per,0,109,-186.4628,,0.334377
MountainCar-v0,ddqn_per,0,110,-162.5284,,0.331033
MountainCar-v0,ddqn_per,0,111,-148.9801,,0.327723
MountainCar-v0,ddqn_per,0,112,-162.1989,,0.324446
MountainCar-v0,ddqn_per,0,113,-144.6171,,0.321201
MountainCar-v0,ddqn_per,0,114,-157.8864,,0.317989
MountainCar-v0,ddqn_per,0,115,-165.4121,,0.314809
MountainCar-v0,ddqn_per,0,116,-143.6526,,0.311661
MountainCar-v0,ddqn_per,0,117,-187.0502,,0.308544
MountainCar-v0,ddqn_per,0,118,-146.258,,0.305459
MountainCar-v0,ddqn_per,0,119,-181.7932,,0.302404
MountainCar-v0,ddqn_per,0,120,-172.8193,,0.29938
MountainCar-v0,ddqn_per,0,121,-193.5871,,0.296387
MountainCar-v0,ddqn_per,0,122,-176.1524,,0.293423
MountainCar-v0,ddqn_per,0,123,-167.5849,,0.290488
MountainCar-v0,ddqn_per,0,124,-185.1432,,0.287584
MountainCar-v0,ddqn_per,0,125,-172.9815,,0.284708
MountainCar-v0,ddqn_per,0,126,-63.7466,,0.281861
MountainCar-v0,ddqn_per,0,127,-123.473,,0.279042
MountainCar-v0,ddqn_per,0,128,-146.8787,,0.276252
MountainCar-v0,ddqn_per,0,129,-164.6514,,0.273489
MountainCar-v0,ddqn_per,0,130,-131.6064,,0.270754
MountainCar-v0,ddqn_per,0,131,-161.6879,,0.268047
MountainCar-v0,ddqn_per,0,132,-133.4931,,0.265366
MountainCar-v0,ddqn_per,0,133,-167.8536,,0.262713
MountainCar-v0,ddqn_per,0,134,-193.805,,0.260085
MountainCar-v0,ddqn_per,0,135,-142.1294,,0.257485
MountainCar-v0,ddqn_per,0,136,-160.0116,,0.25491
MountainCar-v0,ddqn_per,0,137,-155.7357,,0.252361
MountainCar-v0,ddqn_per,0,138,-151.8401,,0.249837
MountainCar-v0,ddqn_per,0,139,-150.279,,0.247339
MountainCar-v0,ddqn_per,0,140,-181.5486,,0.244865
MountainCar-v0,ddqn_per,0,141,-157.5813,,0.242417
MountainCar-v0,ddqn_per,0,142,-39.345,,0.239992
MountainCar-v0,ddqn_per,0,143,-60.3513,,0.237593
MountainCar-v0,ddqn_per,0,144,-126.0383,,0.235217
MountainCar-v0,ddqn_per,0,145,-182.8211,,0.232864
MountainCar-v0,ddqn_per,0,146,-182.5875,,0.230536
MountainCar-v0,ddqn_per,0,147,-143.8653,,0.22823
MountainCar-v0,ddqn_per,0,148,-159.6902,,0.225948
MountainCar-v0,ddqn_per,0,149,-165.5948,,0.223689
MountainCar-v0,ddqn_per,0,150,6.3208,-158.9823,0.221452
MountainCar-v0,ddqn_per,0,151,-97.2403,,0.219237
MountainCar-v0,ddqn_per,0,152,-170.074,,0.217045
MountainCar-v0,ddqn_per,0,153,-167.6757,,0.214874
MountainCar-v0,ddqn_per,0,154,-32.6719,,0.212726
MountainCar-v0,ddqn_per,0,155,-165.3579,,0.210598
MountainCar-v0,ddqn_per,0,156,-148.9014,,0.208492
MountainCar-v0,ddqn_per,0,157,-151.7787,,0.206408
MountainCar-v0,ddqn_per,0,158,-161.4493,,0.204343
MountainCar-v0,ddqn_per,0,159,-147.617,,0.2023
MountainCar-v0,ddqn_per,0,160,-144.8295,,0.200277
MountainCar-v0,ddqn_per,0,161,-172.8009,,0.198274
MountainCar-v0,ddqn_per,0,162,-171.6252,,0.196292
MountainCar-v0,ddqn_per,0,163,-153.9722,,0.194329
MountainCar-v0,ddqn_per,0,164,-80.0719,,0.192385
MountainCar-v0,ddqn_per,0,165,-160.2731,,0.190461
MountainCar-v0,ddqn_per,0,166,-147.6421,,0.188557
MountainCar-v0,ddqn_per,0,167,151.178,,0.186671
MountainCar-v0,ddqn_per,0,168,56.372,,0.184805
MountainCar-v0,ddqn_per,0,169,-133.0143,,0.182957
MountainCar-v0,ddqn_per,0,170,-149.8729,,0.181127
MountainCar-v0,ddqn_per,0,171,90.344,,0.179316
MountainCar-v0,ddqn_per,0,172,49.3074,,0.177523
MountainCar-v0,ddqn_per,0,173,53.4716,,0.175747
MountainCar-v0,ddqn_per,0,174,-172.0371,,0.17399
MountainCar-v0,ddqn_per,0,175,-170.3216,,0.17225
MountainCar-v0,ddqn_per,0,176,-158.3848,,0.170527
MountainCar-v0,ddqn_per,0,177,-167.0372,,0.168822
MountainCar-v0,ddqn_per,0,178,-149.415,,0.167134
MountainCar-v0,ddqn_per,0,179,-127.4251,,0.165463
MountainCar-v0,ddqn_per,0,180,-119.4314,,0.163808
MountainCar-v0,ddqn_per,0,181,-155.3109,,0.16217
MountainCar-v0,ddqn_per,0,182,51.9813,,0.160548
MountainCar-v0,ddqn_per,0,183,-153.3118,,0.158943
MountainCar-v0,ddqn_per,0,184,57.3108,,0.157353
MountainCar-v0,ddqn_per,0,185,-121.9854,,0.15578
MountainCar-v0,ddqn_per,0,186,-169.1011,,0.154222
MountainCar-v0,ddqn_per,0,187,-74.7847,,0.15268
MountainCar-v0,ddqn_per,0,188,49.8802,,0.151153
MountainCar-v0,ddqn_per,0,189,-159.6652,,0.149641
MountainCar-v0,ddqn_per,0,190,-136.726,,0.148145
MountainCar-v0,ddqn_per,0,191,-182.4669,,0.146664
MountainCar-v0,ddqn_per,0,192,-140.7927,,0.145197
MountainCar-v0,ddqn_per,0,193,-48.7166,,0.143745
MountainCar-v0,ddqn_per,0,194,-167.5107,,0.142307
MountainCar-v0,ddqn_per,0,195,39.3092,,0.140884
MountainCar-v0,ddqn_per,0,196,-182.9928,,0.139476
MountainCar-v0,ddqn_per,0,197,-132.8498,,0.138081
MountainCar-v0,ddqn_per,0,198,-158.5047,,0.1367
MountainCar-v0,ddqn_per,0,199,-140.0882,,0.135333
MountainCar-v0,ddqn_per,0,200,-162.9333,-158.9823,0.13398
MountainCar-v0,ddqn_per,0,201,-135.7161,,0.13264
MountainCar-v0,ddqn_per,0,202,32.7096,,0.131313
MountainCar-v0,ddqn_per,0,203,-154.4999,,0.13
MountainCar-v0,ddqn_per,0,204,-169.9189,,0.1287
MountainCar-v0,ddqn_per,0,205,-147.8805,,0.127413
MountainCar-v0,ddqn_per,0,206,-123.2227,,0.126139
MountainCar-v0,ddqn_per,0,207,73.8169,,0.124878
MountainCar-v0,ddqn_per,0,208,-174.1921,,0.123629
MountainCar-v0,ddqn_per,0,209,-142.2833,,0.122393
MountainCar-v0,ddqn_per,0,210,-149.0032,,0.121169
MountainCar-v0,ddqn_per,0,211,230.4082,,0.119957
MountainCar-v0,ddqn_per,0,212,-173.5264,,0.118758
MountainCar-v0,ddqn_per,0,213,-149.7169,,0.11757
MountainCar-v0,ddqn_per,0,214,58.7465,,0.116394
MountainCar-v0,ddqn_per,0,215,-168.7459,,0.11523
MountainCar-v0,ddqn_per,0,216,-171.8221,,0.114078
MountainCar-v0,ddqn_per,0,217,-170.6525,,0.112937
MountainCar-v0,ddqn_per,0,218,-144.652,,0.111808
MountainCar-v0,ddqn_per,0,219,-162.6264,,0.11069
MountainCar-v0,ddqn_per,0,220,-159.5472,,0.109583
MountainCar-v0,ddqn_per,0,221,-173.5956,,0.108487
MountainCar-v0,ddqn_per,0,222,193.8902,,0.107402
MountainCar-v0,ddqn_per,0,223,-152.2354,,0.106328
MountainCar-v0,ddqn_per,0,224,-54.2318,,0.105265
MountainCar-v0,ddqn_per,0,225,-157.6252,,0.104212
MountainCar-v0,ddqn_per,0,226,-141.0424,,0.10317
MountainCar-v0,ddqn_per,0,227,-133.1708,,0.102138
MountainCar-v0,ddqn_per,0,228,-165.6045,,0.101117
MountainCar-v0,ddqn_per,0,229,-147.0769,,0.100106
MountainCar-v0,ddqn_per,0,230,66.1843,,0.099105
MountainCar-v0,ddqn_per,0,231,-6.6039,,0.098114
MountainCar-v0,ddqn_per,0,232,-158.2507,,0.097133
MountainCar-v0,ddqn_per,0,233,56.3997,,0.096161
MountainCar-v0,ddqn_per,0,234,-179.3528,,0.0952
MountainCar-v0,ddqn_per,0,235,-146.6638,,0.094248
MountainCar-v0,ddqn_per,0,236,-154.008,,0.093305
MountainCar-v0,ddqn_per,0,237,-144.9632,,0.092372
MountainCar-v0,ddqn_per,0,238,69.838,,0.091448
MountainCar-v0,ddqn_per,0,239,80.6753,,0.090534
MountainCar-v0,ddqn_per,0,240,-187.3999,,0.089629
MountainCar-v0,ddqn_per,0,241,87.6227,,0.088732
MountainCar-v0,ddqn_per,0,242,75.7584,,0.087845
MountainCar-v0,ddqn_per,0,243,-169.8109,,0.086967
MountainCar-v0,ddqn_per,0,244,70.4347,,0.086097
MountainCar-v0,ddqn_per,0,245,-156.6576,,0.085236
MountainCar-v0,ddqn_per,0,246,-45.0216,,0.084384
MountainCar-v0,ddqn_per,0,247,-169.0007,,0.08354
MountainCar-v0,ddqn_per,0,248,-148.7432,,0.082704
MountainCar-v0,ddqn_per,0,249,-139.0909,,0.081877
MountainCar-v0,ddqn_per,0,250,99.9908,-158.9823,0.081059
MountainCar-v0,ddqn_per,0,251,37.2519,,0.080248
MountainCar-v0,ddqn_per,0,252,-128.8245,,0.079445
MountainCar-v0,ddqn_per,0,253,97.0946,,0.078651
MountainCar-v0,ddqn_per,0,254,-153.7503,,0.077864
MountainCar-v0,ddqn_per,0,255,-128.6456,,0.077086
MountainCar-v0,ddqn_per,0,256,-147.4275,,0.076315
MountainCar-v0,ddqn_per,0,257,-178.427,,0.075552
MountainCar-v0,ddqn_per,0,258,28.5245,,0.074796
MountainCar-v0,ddqn_per,0,259,-132.4388,,0.074048
MountainCar-v0,ddqn_per,0,260,-142.0408,,0.073308
MountainCar-v0,ddqn_per,0,261,20.5991,,0.072575
MountainCar-v0,ddqn_per,0,262,-172.0739,,0.071849
MountainCar-v0,ddqn_per,0,263,-2.4359,,0.071131
MountainCar-v0,ddqn_per,0,264,-8.0257,,0.070419
MountainCar-v0,ddqn_per,0,265,-161.0879,,0.069715
MountainCar-v0,ddqn_per,0,266,46.8377,,0.069018
MountainCar-v0,ddqn_per,0,267,-157.1206,,0.068328
MountainCar-v0,ddqn_per,0,268,-156.2556,,0.067644
MountainCar-v0,ddqn_per,0,269,307.2164,,0.066968
MountainCar-v0,ddqn_per,0,270,-163.2449,,0.066298
MountainCar-v0,ddqn_per,0,271,-160.9591,,0.065635
MountainCar-v0,ddqn_per,0,272,-158.9945,,0.064979
MountainCar-v0,ddqn_per,0,273,57.9432,,0.064329
MountainCar-v0,ddqn_per,0,274,-165.0942,,0.063686
MountainCar-v0,ddqn_per,0,275,-141.2031,,0.063049
MountainCar-v0,ddqn_per,0,276,-148.8051,,0.062419
MountainCar-v0,ddqn_per,0,277,-145.6035,,0.061794
MountainCar-v0,ddqn_per,0,278,-162.0854,,0.061176
MountainCar-v0,ddqn_per,0,279,66.7604,,0.060565
MountainCar-v0,ddqn_per,0,280,-161.5685,,0.059959
MountainCar-v0,ddqn_per,0,281,-163.7897,,0.059359
MountainCar-v0,ddqn_per,0,282,-154.3003,,0.058766
MountainCar-v0,ddqn_per,0,283,-152.0407,,0.058178
MountainCar-v0,ddqn_per,0,284,-168.5667,,0.057596
MountainCar-v0,ddqn_per,0,285,46.9525,,0.05702
MountainCar-v0,ddqn_per,0,286,-169.8727,,0.05645
MountainCar-v0,ddqn_per,0,287,-129.262,,0.055886
MountainCar-v0,ddqn_per,0,288,-159.3649,,0.055327
MountainCar-v0,ddqn_per,0,289,-170.6036,,0.054774
MountainCar-v0,ddqn_per,0,290,-143.6142,,0.054226
MountainCar-v0,ddqn_per,0,291,75.1356,,0.053684
MountainCar-v0,ddqn_per,0,292,-153.4247,,0.053147
MountainCar-v0,ddqn_per,0,293,-159.8871,,0.052615
MountainCar-v0,ddqn_per,0,294,-149.482,,0.052089
MountainCar-v0,ddqn_per,0,295,61.438,,0.051568
MountainCar-v0,ddqn_per,0,296,-148.6796,,0.051053
MountainCar-v0,ddqn_per,0,297,48.84,,0.050542
MountainCar-v0,ddqn_per,0,298,-140.0307,,0.050037
MountainCar-v0,ddqn_per,0,299,-150.6645,,0.049536
MountainCar-v0,ddqn_per,0,300,-145.2306,-158.9823,0.049041
MountainCar-v0,ddqn_per,0,301,33.6805,,0.04855
MountainCar-v0,ddqn_per,0,302,-141.9892,,0.048065
MountainCar-v0,ddqn_per,0,303,37.3628,,0.047584
MountainCar-v0,ddqn_per,0,304,-155.5221,,0.047108
MountainCar-v0,ddqn_per,0,305,-148.6011,,0.046637
MountainCar-v0,ddqn_per,0,306,63.9763,,0.046171
MountainCar-v0,ddqn_per,0,307,-164.3747,,0.045709
MountainCar-v0,ddqn_per,0,308,-170.2681,,0.045252
MountainCar-v0,ddqn_per,0,309,16.0412,,0.0448
MountainCar-v0,ddqn_per,0,310,-140.9563,,0.044352
MountainCar-v0,ddqn_per,0,311,62.7659,,0.043908
MountainCar-v0,ddqn_per,0,312,-149.1924,,0.043469
MountainCar-v0,ddqn_per,0,313,-145.6829,,0.043034
MountainCar-v0,ddqn_per,0,314,-158.202,,0.042604
MountainCar-v0,ddqn_per,0,315,-158.7547,,0.042178
MountainCar-v0,ddqn_per,0,316,-144.741,,0.041756
MountainCar-v0,ddqn_per,0,317,-166.6154,,0.041339
MountainCar-v0,ddqn_per,0,318,-157.5042,,0.040925
MountainCar-v0,ddqn_per,0,319,10.8929,,0.040516
MountainCar-v0,ddqn_per,0,320,-167.7638,,0.040111
MountainCar-v0,ddqn_per,0,321,-171.1303,,0.03971
MountainCar-v0,ddqn_per,0,322,44.0952,,0.039313
MountainCar-v0,ddqn_per,0,323,137.9448,,0.03892
MountainCar-v0,ddqn_per,0,324,21.1037,,0.03853
MountainCar-v0,ddqn_per,0,325,-147.7331,,0.038145
MountainCar-v0,ddqn_per,0,326,44.3141,,0.037764
MountainCar-v0,ddqn_per,0,327,-164.4958,,0.037386
MountainCar-v0,ddqn_per,0,328,-167.0897,,0.037012
MountainCar-v0,ddqn_per,0,329,20.716,,0.036642
MountainCar-v0,ddqn_per,0,330,-140.5413,,0.036276
MountainCar-v0,ddqn_per,0,331,14.8121,,0.035913
MountainCar-v0,ddqn_per,0,332,67.9314,,0.035554
MountainCar-v0,ddqn_per,0,333,-159.4976,,0.035198
MountainCar-v0,ddqn_per,0,334,-150.0289,,0.034846
MountainCar-v0,ddqn_per,0,335,-117.467,,0.034498
MountainCar-v0,ddqn_per,0,336,-174.3347,,0.034153
MountainCar-v0,ddqn_per,0,337,40.7741,,0.033811
MountainCar-v0,ddqn_per,0,338,-142.6347,,0.033473
MountainCar-v0,ddqn_per,0,339,18.7999,,0.033138
MountainCar-v0,ddqn_per,0,340,-168.125,,0.032807
MountainCar-v0,ddqn_per,0,341,-130.5137,,0.032479
MountainCar-v0,ddqn_per,0,342,-144.059,,0.032154
MountainCar-v0,ddqn_per,0,343,-171.6862,,0.031833
MountainCar-v0,ddqn_per,0,344,-156.9443,,0.031514
MountainCar-v0,ddqn_per,0,345,-138.1904,,0.031199
MountainCar-v0,ddqn_per,0,346,29.8768,,0.030887
MountainCar-v0,ddqn_per,0,347,197.2921,,0.030578
MountainCar-v0,ddqn_per,0,348,41.1806,,0.030272
MountainCar-v0,ddqn_per,0,349,20.5915,,0.02997
MountainCar-v0,ddqn_per,0,350,-157.9481,-158.9823,0.02967
MountainCar-v0,ddqn_per,0,351,-126.1307,,0.029373
MountainCar-v0,ddqn_per,0,352,32.917,,0.02908
MountainCar-v0,ddqn_per,0,353,-146.237,,0.028789
MountainCar-v0,ddqn_per,0,354,-162.6278,,0.028501
MountainCar-v0,ddqn_per,0,355,44.3629,,0.028216
MountainCar-v0,ddqn_per,0,356,162.7047,,0.027934
MountainCar-v0,ddqn_per,0,357,20.174,,0.027654
MountainCar-v0,ddqn_per,0,358,-124.8599,,0.027378
MountainCar-v0,ddqn_per,0,359,-148.3666,,0.027104
MountainCar-v0,ddqn_per,0,360,-125.2307,,0.026833
MountainCar-v0,ddqn_per,0,361,42.2505,,0.026565
MountainCar-v0,ddqn_per,0,362,33.5316,,0.026299
MountainCar-v0,ddqn_per,0,363,-141.583,,0.026036
MountainCar-v0,ddqn_per,0,364,96.2337,,0.025776
MountainCar-v0,ddqn_per,0,365,-169.7865,,0.025518
MountainCar-v0,ddqn_per,0,366,99.058,,0.025263
MountainCar-v0,ddqn_per,0,367,28.7385,,0.02501
MountainCar-v0,ddqn_per,0,368,58.4333,,0.02476
MountainCar-v0,ddqn_per,0,369,-144.7395,,0.024512
MountainCar-v0,ddqn_per,0,370,-168.1801,,0.024267
MountainCar-v0,ddqn_per,0,371,33.4853,,0.024025
MountainCar-v0,ddqn_per,0,372,-129.9001,,0.023784
MountainCar-v0,ddqn_per,0,373,-167.5653,,0.023547
MountainCar-v0,ddqn_per,0,374,122.0659,,0.023311
MountainCar-v0,ddqn_per,0,375,-181.1299,,0.023078
MountainCar-v0,ddqn_per,0,376,-143.9255,,0.022847
MountainCar-v0,ddqn_per,0,377,80.3314,,0.022619
MountainCar-v0,ddqn_per,0,378,-158.8273,,0.022393
MountainCar-v0,ddqn_per,0,379,-169.6523,,0.022169
MountainCar-v0,ddqn_per,0,380,44.5287,,0.021947
MountainCar-v0,ddqn_per,0,381,-168.6049,,0.021727
MountainCar-v0,ddqn_per,0,382,119.4342,,0.02151
MountainCar-v0,ddqn_per,0,383,110.2727,,0.021295
MountainCar-v0,ddqn_per,0,384,9.429,,0.021082
MountainCar-v0,ddqn_per,0,385,48.2487,,0.020871
MountainCar-v0,ddqn_per,0,386,158.403,,0.020663
MountainCar-v0,ddqn_per,0,387,18.2931,,0.020456
MountainCar-v0,ddqn_per,0,388,221.6374,,0.020251
MountainCar-v0,ddqn_per,0,389,89.7589,,0.020049
MountainCar-v0,ddqn_per,0,390,-176.8646,,0.019848
MountainCar-v0,ddqn_per,0,391,104.3715,,0.01965
MountainCar-v0,ddqn_per,0,392,52.2987,,0.019453
MountainCar-v0,ddqn_per,0,393,357.3338,,0.019259
MountainCar-v0,ddqn_per,0,394,-168.2749,,0.019066
MountainCar-v0,ddqn_per,0,395,179.626,,0.018876
MountainCar-v0,ddqn_per,0,396,92.2987,,0.018687
MountainCar-v0,ddqn_per,0,397,27.4595,,0.0185
MountainCar-v0,ddqn_per,0,398,-168.5576,,0.018315
MountainCar-v0,ddqn_per,0,399,-109.4717,,0.018132
MountainCar-v0,ddqn_per,0,400,43.7459,-99.0906,0.017951
MountainCar-v0,ddqn_per,0,401,-163.7449,,0.017771
MountainCar-v0,ddqn_per,0,402,100.7787,,0.017593
MountainCar-v0,ddqn_per,0,403,107.5845,,0.017417
MountainCar-v0,ddqn_per,0,404,141.4399,,0.017243
MountainCar-v0,ddqn_per,0,405,-165.5727,,0.017071
MountainCar-v0,ddqn_per,0,406,114.9966,,0.0169
MountainCar-v0,ddqn_per,0,407,93.5489,,0.016731
MountainCar-v0,ddqn_per,0,408,10.4751,,0.016564
MountainCar-v0,ddqn_per,0,409,39.6106,,0.016398
MountainCar-v0,ddqn_per,0,410,30.4321,,0.016234
MountainCar-v0,ddqn_per,0,411,269.1327,,0.016072
MountainCar-v0,ddqn_per,0,412,35.8338,,0.015911
MountainCar-v0,ddqn_per,0,413,213.0826,,0.015752
MountainCar-v0,ddqn_per,0,414,26.3079,,0.015594
MountainCar-v0,ddqn_per,0,415,-164.1265,,0.015439
MountainCar-v0,ddqn_per,0,416,135.0499,,0.015284
MountainCar-v0,ddqn_per,0,417,-148.9762,,0.015131
MountainCar-v0,ddqn_per,0,418,42.4837,,0.01498
MountainCar-v0,ddqn_per,0,419,-166.3517,,0.01483
MountainCar-v0,ddqn_per,0,420,-159.098,,0.014682
MountainCar-v0,ddqn_per,0,421,203.2427,,0.014535
MountainCar-v0,ddqn_per,0,422,26.3533,,0.01439
MountainCar-v0,ddqn_per,0,423,19.0747,,0.014246
MountainCar-v0,ddqn_per,0,424,46.2601,,0.014103
MountainCar-v0,ddqn_per,0,425,213.2837,,0.013962
MountainCar-v0,ddqn_per,0,426,37.2827,,0.013823
MountainCar-v0,ddqn_per,0,427,19.2851,,0.013684
MountainCar-v0,ddqn_per,0,428,12.7169,,0.013548
MountainCar-v0,ddqn_per,0,429,22.1862,,0.013412
MountainCar-v0,ddqn_per,0,430,14.8598,,0.013278
MountainCar-v0,ddqn_per,0,431,135.838,,0.013145
MountainCar-v0,ddqn_per,0,432,17.5056,,0.013014
MountainCar-v0,ddqn_per,0,433,42.6373,,0.012884
MountainCar-v0,ddqn_per,0,434,188.6503,,0.012755
MountainCar-v0,ddqn_per,0,435,36.3904,,0.012627
MountainCar-v0,ddqn_per,0,436,285.8698,,0.012501
MountainCar-v0,ddqn_per,0,437,270.8627,,0.012376
MountainCar-v0,ddqn_per,0,438,35.2063,,0.012252
MountainCar-v0,ddqn_per,0,439,-162.7628,,0.01213
MountainCar-v0,ddqn_per,0,440,-165.4992,,0.012008
MountainCar-v0,ddqn_per,0,441,208.4726,,0.011888
MountainCar-v0,ddqn_per,0,442,42.0391,,0.011769
MountainCar-v0,ddqn_per,0,443,157.0948,,0.011652
MountainCar-v0,ddqn_per,0,444,35.2282,,0.011535
MountainCar-v0,ddqn_per,0,445,29.5602,,0.01142
MountainCar-v0,ddqn_per,0,446,18.929,,0.011306
MountainCar-v0,ddqn_per,0,447,24.2861,,0.011193
MountainCar-v0,ddqn_per,0,448,132.4831,,0.011081
MountainCar-v0,ddqn_per,0,449,-165.6148,,0.01097
MountainCar-v0,ddqn_per,0,450,32.5113,-37.5434,0.01086
MountainCar-v0,ddqn_per,0,451,74.873,,0.010752
MountainCar-v0,ddqn_per,0,452,-167.1902,,0.010644
MountainCar-v0,ddqn_per,0,453,207.7824,,0.010538
MountainCar-v0,ddqn_per,0,454,174.3725,,0.010432
MountainCar-v0,ddqn_per,0,455,33.089,,0.010328
MountainCar-v0,ddqn_per,0,456,39.6367,,0.010225
MountainCar-v0,ddqn_per,0,457,62.9288,,0.010122
MountainCar-v0,ddqn_per,0,458,18.3811,,0.010021
MountainCar-v0,ddqn_per,0,459,25.8224,,0.01
MountainCar-v0,ddqn_per,0,460,119.8006,,0.01
MountainCar-v0,ddqn_per,0,461,-101.648,,0.01
MountainCar-v0,ddqn_per,0,462,22.861,,0.01
MountainCar-v0,ddqn_per,0,463,49.3948,,0.01
MountainCar-v0,ddqn_per,0,464,21.3656,,0.01
MountainCar-v0,ddqn_per,0,465,31.0099,,0.01
MountainCar-v0,ddqn_per,0,466,35.5296,,0.01
MountainCar-v0,ddqn_per,0,467,48.1412,,0.01
MountainCar-v0,ddqn_per,0,468,61.9565,,0.01
MountainCar-v0,ddqn_per,0,469,19.5685,,0.01
MountainCar-v0,ddqn_per,0,470,45.3056,,0.01
MountainCar-v0,ddqn_per,0,471,51.7401,,0.01
MountainCar-v0,ddqn_per,0,472,35.6117,,0.01
MountainCar-v0,ddqn_per,0,473,33.2094,,0.01
MountainCar-v0,ddqn_per,0,474,68.7309,,0.01
MountainCar-v0,ddqn_per,0,475,187.083,,0.01
MountainCar-v0,ddqn_per,0,476,146.5173,,0.01
MountainCar-v0,ddqn_per,0,477,78.3944,,0.01
MountainCar-v0,ddqn_per,0,478,28.3588,,0.01
MountainCar-v0,ddqn_per,0,479,40.9722,,0.01
MountainCar-v0,ddqn_per,0,480,46.5974,,0.01
MountainCar-v0,ddqn_per,0,481,72.4972,,0.01
MountainCar-v0,ddqn_per,0,482,21.3165,,0.01
MountainCar-v0,ddqn_per,0,483,274.8423,,0.01
MountainCar-v0,ddqn_per,0,484,159.9599,,0.01
MountainCar-v0,ddqn_per,0,485,67.5081,,0.01
MountainCar-v0,ddqn_per,0,486,173.6515,,0.01
MountainCar-v0,ddqn_per,0,487,46.9956,,0.01
MountainCar-v0,ddqn_per,0,488,169.7182,,0.01
MountainCar-v0,ddqn_per,0,489,72.3891,,0.01
MountainCar-v0,ddqn_per,0,490,49.1984,,0.01
MountainCar-v0,ddqn_per,0,491,101.5034,,0.01
MountainCar-v0,ddqn_per,0,492,24.2935,,0.01
MountainCar-v0,ddqn_per,0,493,67.7925,,0.01
MountainCar-v0,ddqn_per,0,494,189.647,,0.01
MountainCar-v0,ddqn_per,0,495,65.4213,,0.01
MountainCar-v0,ddqn_per,0,496,186.5955,,0.01
MountainCar-v0,ddqn_per,0,497,49.8306,,0.01
MountainCar-v0,ddqn_per,0,498,52.0889,,0.01
MountainCar-v0,ddqn_per,0,499,78.7589,,0.01
MountainCar-v0,ddqn_per,0,500,70.3532,73.3408,0.01
MountainCar-v0,ddqn_per,0,501,105.3206,,0.01
MountainCar-v0,ddqn_per,0,502,71.0899,,0.01
MountainCar-v0,ddqn_per,0,503,38.4654,,0.01
MountainCar-v0,ddqn_per,0,504,205.2755,,0.01
MountainCar-v0,ddqn_per,0,505,112.2816,,0.01
MountainCar-v0,ddqn_per,0,506,44.9122,,0.01
MountainCar-v0,ddqn_per,0,507,31.5455,,0.01
MountainCar-v0,ddqn_per,0,508,53.1038,,0.01
MountainCar-v0,ddqn_per,0,509,39.1417,,0.01
MountainCar-v0,ddqn_per,0,510,27.3906,,0.01
MountainCar-v0,ddqn_per,0,511,60.8571,,0.01
MountainCar-v0,ddqn_per,0,512,37.459,,0.01
MountainCar-v0,ddqn_per,0,513,46.7038,,0.01
MountainCar-v0,ddqn_per,0,514,34.6437,,0.01
MountainCar-v0,ddqn_per,0,515,50.4365,,0.01
MountainCar-v0,ddqn_per,0,516,194.0416,,0.01
MountainCar-v0,ddqn_per,0,517,48.3636,,0.01
MountainCar-v0,ddqn_per,0,518,52.3016,,0.01
MountainCar-v0,ddqn_per,0,519,51.7735,,0.01
MountainCar-v0,ddqn_per,0,520,66.9274,,0.01
MountainCar-v0,ddqn_per,0,521,44.6726,,0.01
MountainCar-v0,ddqn_per,0,522,217.7316,,0.01
MountainCar-v0,ddqn_per,0,523,133.7737,,0.01
MountainCar-v0,ddqn_per,0,524,200.5266,,0.01
MountainCar-v0,ddqn_per,0,525,47.0384,,0.01
MountainCar-v0,ddqn_per,0,526,37.2932,,0.01
MountainCar-v0,ddqn_per,0,527,31.2708,,0.01
MountainCar-v0,ddqn_per,0,528,-29.4779,,0.01
MountainCar-v0,ddqn_per,0,529,139.0002,,0.01
MountainCar-v0,ddqn_per,0,530,31.8957,,0.01
MountainCar-v0,ddqn_per,0,531,47.8272,,0.01
MountainCar-v0,ddqn_per,0,532,229.2639,,0.01
MountainCar-v0,ddqn_per,0,533,34.2245,,0.01
MountainCar-v0,ddqn_per,0,534,32.5523,,0.01
MountainCar-v0,ddqn_per,0,535,125.3883,,0.01
MountainCar-v0,ddqn_per,0,536,115.679,,0.01
MountainCar-v0,ddqn_per,0,537,49.6595,,0.01
MountainCar-v0,ddqn_per,0,538,36.2053,,0.01
MountainCar-v0,ddqn_per,0,539,146.981,,0.01
MountainCar-v0,ddqn_per,0,540,56.3043,,0.01
MountainCar-v0,ddqn_per,0,541,34.6414,,0.01
MountainCar-v0,ddqn_per,0,542,66.1921,,0.01
MountainCar-v0,ddqn_per,0,543,1.804,,0.01
MountainCar-v0,ddqn_per,0,544,76.3805,,0.01
MountainCar-v0,ddqn_per,0,545,266.9453,,0.01
MountainCar-v0,ddqn_per,0,546,125.8266,,0.01
MountainCar-v0,ddqn_per,0,547,131.5947,,0.01
MountainCar-v0,ddqn_per,0,548,58.964,,0.01
MountainCar-v0,ddqn_per,0,549,141.8573,,0.01
MountainCar-v0,ddqn_per,0,550,83.2626,-9.7202,0.01
MountainCar-v0,ddqn_per,0,551,145.6407,,0.01
MountainCar-v0,ddqn_per,0,552,270.2041,,0.01
MountainCar-v0,ddqn_per,0,553,96.0985,,0.01
MountainCar-v0,ddqn_per,0,554,44.0291,,0.01
MountainCar-v0,ddqn_per,0,555,-151.3184,,0.01
MountainCar-v0,ddqn_per,0,556,22.9451,,0.01
MountainCar-v0,ddqn_per,0,557,214.5084,,0.01
MountainCar-v0,ddqn_per,0,558,-5.0743,,0.01
MountainCar-v0,ddqn_per,0,559,124.7768,,0.01
MountainCar-v0,ddqn_per,0,560,-157.6662,,0.01
MountainCar-v0,ddqn_per,0,561,-15.1628,,0.01
MountainCar-v0,ddqn_per,0,562,119.589,,0.01
MountainCar-v0,ddqn_per,0,563,237.765,,0.01
MountainCar-v0,ddqn_per,0,564,86.6961,,0.01
MountainCar-v0,ddqn_per,0,565,-195.0285,,0.01
MountainCar-v0,ddqn_per,0,566,165.2692,,0.01
MountainCar-v0,ddqn_per,0,567,5.5739,,0.01
MountainCar-v0,ddqn_per,0,568,140.8053,,0.01
MountainCar-v0,ddqn_per,0,569,103.0232,,0.01
MountainCar-v0,ddqn_per,0,570,172.8082,,0.01
MountainCar-v0,ddqn_per,0,571,-24.7821,,0.01
MountainCar-v0,ddqn_per,0,572,81.7973,,0.01
MountainCar-v0,ddqn_per,0,573,186.5964,,0.01
MountainCar-v0,ddqn_per,0,574,-196.3005,,0.01
MountainCar-v0,ddqn_per,0,575,160.9676,,0.01
MountainCar-v0,ddqn_per,0,576,100.6895,,0.01
MountainCar-v0,ddqn_per,0,577,120.7363,,0.01
MountainCar-v0,ddqn_per,0,578,-200.0,,0.01
MountainCar-v0,ddqn_per,0,579,-152.9296,,0.01
MountainCar-v0,ddqn_per,0,580,159.1138,,0.01
MountainCar-v0,ddqn_per,0,581,262.3263,,0.01
MountainCar-v0,ddqn_per,0,582,127.823,,0.01
MountainCar-v0,ddqn_per,0,583,129.1698,,0.01
MountainCar-v0,ddqn_per,0,584,127.6828,,0.01
MountainCar-v0,ddqn_per,0,585,-200.0,,0.01
MountainCar-v0,ddqn_per,0,586,-200.0,,0.01
MountainCar-v0,ddqn_per,0,587,-200.0,,0.01
MountainCar-v0,ddqn_per,0,588,121.6375,,0.01
MountainCar-v0,ddqn_per,0,589,-200.0,,0.01
MountainCar-v0,ddqn_per,0,590,-200.0,,0.01
MountainCar-v0,ddqn_per,0,591,80.9185,,0.01
MountainCar-v0,ddqn_per,0,592,118.6437,,0.01
MountainCar-v0,ddqn_per,0,593,226.7534,,0.01
MountainCar-v0,ddqn_per,0,594,233.9039,,0.01
MountainCar-v0,ddqn_per,0,595,162.9135,,0.01
MountainCar-v0,ddqn_per,0,596,58.3449,,0.01
MountainCar-v0,ddqn_per,0,597,16.7863,,0.01
MountainCar-v0,ddqn_per,0,598,109.1237,,0.01
MountainCar-v0,ddqn_per,0,599,204.7495,,0.01
MountainCar-v0,ddqn_per,0,600,210.1665,-200.0,0.01
MountainCar-v0,ddqn_per,0,601,51.7691,,0.01
MountainCar-v0,ddqn_per,0,602,-200.0,,0.01
MountainCar-v0,ddqn_per,0,603,76.5624,,0.01
MountainCar-v0,ddqn_per,0,604,170.5749,,0.01
MountainCar-v0,ddqn_per,0,605,128.2314,,0.01
MountainCar-v0,ddqn_per,0,606,-150.2365,,0.01
MountainCar-v0,ddqn_per,0,607,-200.0,,0.01
MountainCar-v0,ddqn_per,0,608,-200.0,,0.01
MountainCar-v0,ddqn_per,0,609,-200.0,,0.01
MountainCar-v0,ddqn_per,0,610,-200.0,,0.01
MountainCar-v0,ddqn_per,0,611,-200.0,,0.01
MountainCar-v0,ddqn_per,0,612,177.6122,,0.01
MountainCar-v0,ddqn_per,0,613,174.158,,0.01
MountainCar-v0,ddqn_per,0,614,113.2905,,0.01
MountainCar-v0,ddqn_per,0,615,74.0468,,0.01
MountainCar-v0,ddqn_per,0,616,-110.1565,,0.01
MountainCar-v0,ddqn_per,0,617,123.0578,,0.01
MountainCar-v0,ddqn_per,0,618,-200.0,,0.01
MountainCar-v0,ddqn_per,0,619,134.8373,,0.01
MountainCar-v0,ddqn_per,0,620,138.5348,,0.01
MountainCar-v0,ddqn_per,0,621,-200.0,,0.01
MountainCar-v0,ddqn_per,0,622,162.9065,,0.01
MountainCar-v0,ddqn_per,0,623,112.9069,,0.01
MountainCar-v0,ddqn_per,0,624,113.5622,,0.01
MountainCar-v0,ddqn_per,0,625,-150.8432,,0.01
MountainCar-v0,ddqn_per,0,626,-200.0,,0.01
MountainCar-v0,ddqn_per,0,627,142.7676,,0.01
MountainCar-v0,ddqn_per,0,628,79.232,,0.01
MountainCar-v0,ddqn_per,0,629,142.5557,,0.01
MountainCar-v0,ddqn_per,0,630,-200.0,,0.01
MountainCar-v0,ddqn_per,0,631,395.9818,,0.01
MountainCar-v0,ddqn_per,0,632,153.4665,,0.01
MountainCar-v0,ddqn_per,0,633,134.8845,,0.01
MountainCar-v0,ddqn_per,0,634,87.3943,,0.01
MountainCar-v0,ddqn_per,0,635,90.7709,,0.01
MountainCar-v0,ddqn_per,0,636,119.4532,,0.01
MountainCar-v0,ddqn_per,0,637,271.7498,,0.01
MountainCar-v0,ddqn_per,0,638,425.2134,,0.01
MountainCar-v0,ddqn_per,0,639,100.4644,,0.01
MountainCar-v0,ddqn_per,0,640,29.9606,,0.01
MountainCar-v0,ddqn_per,0,641,129.2818,,0.01
MountainCar-v0,ddqn_per,0,642,-152.2141,,0.01
MountainCar-v0,ddqn_per,0,643,113.1999,,0.01
MountainCar-v0,ddqn_per,0,644,145.2175,,0.01
MountainCar-v0,ddqn_per,0,645,-150.9039,,0.01
MountainCar-v0,ddqn_per,0,646,184.1071,,0.01
MountainCar-v0,ddqn_per,0,647,207.5199,,0.01
MountainCar-v0,ddqn_per,0,648,499.4774,,0.01
MountainCar-v0,ddqn_per,0,649,96.7118,,0.01
MountainCar-v0,ddqn_per,0,650,310.2926,140.3481,0.01
MountainCar-v0,ddqn_per,0,651,163.7963,,0.01
MountainCar-v0,ddqn_per,0,652,-200.0,,0.01
MountainCar-v0,ddqn_per,0,653,216.5699,,0.01
MountainCar-v0,ddqn_per,0,654,172.9627,,0.01
MountainCar-v0,ddqn_per,0,655,159.0982,,0.01
MountainCar-v0,ddqn_per,0,656,146.7493,,0.01
MountainCar-v0,ddqn_per,0,657,204.189,,0.01
MountainCar-v0,ddqn_per,0,658,134.9071,,0.01
MountainCar-v0,ddqn_per,0,659,104.4279,,0.01
MountainCar-v0,ddqn_per,0,660,160.8313,,0.01
MountainCar-v0,ddqn_per,0,661,53.0272,,0.01
MountainCar-v0,ddqn_per,0,662,128.6011,,0.01
MountainCar-v0,ddqn_per,0,663,164.9093,,0.01
MountainCar-v0,ddqn_per,0,664,-200.0,,0.01
MountainCar-v0,ddqn_per,0,665,288.2438,,0.01
MountainCar-v0,ddqn_per,0,666,160.0506,,0.01
MountainCar-v0,ddqn_per,0,667,266.9078,,0.01
MountainCar-v0,ddqn_per,0,668,82.4457,,0.01
MountainCar-v0,ddqn_per,0,669,149.2143,,0.01
MountainCar-v0,ddqn_per,0,670,-200.0,,0.01
MountainCar-v0,ddqn_per,0,671,244.4548,,0.01
MountainCar-v0,ddqn_per,0,672,-200.0,,0.01
MountainCar-v0,ddqn_per,0,673,101.4936,,0.01
MountainCar-v0,ddqn_per,0,674,-200.0,,0.01
MountainCar-v0,ddqn_per,0,675,-200.0,,0.01
MountainCar-v0,ddqn_per,0,676,191.3556,,0.01
MountainCar-v0,ddqn_per,0,677,165.3692,,0.01
MountainCar-v0,ddqn_per,0,678,-31.2327,,0.01
MountainCar-v0,ddqn_per,0,679,-3.9446,,0.01
MountainCar-v0,ddqn_per,0,680,165.1371,,0.01
MountainCar-v0,ddqn_per,0,681,54.9203,,0.01
MountainCar-v0,ddqn_per,0,682,-200.0,,0.01
MountainCar-v0,ddqn_per,0,683,-200.0,,0.01
MountainCar-v0,ddqn_per,0,684,54.5374,,0.01
MountainCar-v0,ddqn_per,0,685,-151.1261,,0.01
MountainCar-v0,ddqn_per,0,686,431.1326,,0.01
MountainCar-v0,ddqn_per,0,687,62.654,,0.01
MountainCar-v0,ddqn_per,0,688,164.5149,,0.01
MountainCar-v0,ddqn_per,0,689,-22.0964,,0.01
MountainCar-v0,ddqn_per,0,690,253.5714,,0.01
MountainCar-v0,ddqn_per,0,691,40.3796,,0.01
MountainCar-v0,ddqn_per,0,692,100.4809,,0.01
MountainCar-v0,ddqn_per,0,693,-200.0,,0.01
MountainCar-v0,ddqn_per,0,694,-146.5536,,0.01
MountainCar-v0,ddqn_per,0,695,64.6324,,0.01
MountainCar-v0,ddqn_per,0,696,26.3808,,0.01
MountainCar-v0,ddqn_per,0,697,386.5515,,0.01
MountainCar-v0,ddqn_per,0,698,417.295,,0.01
MountainCar-v0,ddqn_per,0,699,45.6314,,0.01
MountainCar-v0,ddqn_per,0,700,-200.0,108.8112,0.01
MountainCar-v0,ddqn_per,1,1,-178.6945,,0.99
MountainCar-v0,ddqn_per,1,2,-200.0,,0.9801
MountainCar-v0,ddqn_per,1,3,-188.328,,0.970299
MountainCar-v0,ddqn_per,1,4,-193.2412,,0.960596
MountainCar-v0,ddqn_per,1,5,-200.0,,0.95099
MountainCar-v0,ddqn_per,1,6,-200.0,,0.94148
MountainCar-v0,ddqn_per,1,7,-197.9875,,0.932065
MountainCar-v0,ddqn_per,1,8,-200.0,,0.922745
MountainCar-v0,ddqn_per,1,9,-200.0,,0.913517
MountainCar-v0,ddqn_per,1,10,-200.0,,0.904382
MountainCar-v0,ddqn_per,1,11,-200.0,,0.895338
MountainCar-v0,ddqn_per,1,12,-200.0,,0.886385
MountainCar-v0,ddqn_per,1,13,-189.8186,,0.877521
MountainCar-v0,ddqn_per,1,14,-190.8294,,0.868746
MountainCar-v0,ddqn_per,1,15,-200.0,,0.860058
MountainCar-v0,ddqn_per,1,16,-197.9515,,0.851458
MountainCar-v0,ddqn_per,1,17,-200.0,,0.842943
MountainCar-v0,ddqn_per,1,18,-200.0,,0.834514
MountainCar-v0,ddqn_per,1,19,-185.9189,,0.826169
MountainCar-v0,ddqn_per,1,20,-200.0,,0.817907
MountainCar-v0,ddqn_per,1,21,-180.6018,,0.809728
MountainCar-v0,ddqn_per,1,22,-180.1902,,0.801631
MountainCar-v0,ddqn_per,1,23,-196.8216,,0.793614
MountainCar-v0,ddqn_per,1,24,-200.0,,0.785678
MountainCar-v0,ddqn_per,1,25,-191.7732,,0.777821
MountainCar-v0,ddqn_per,1,26,-159.2518,,0.770043
MountainCar-v0,ddqn_per,1,27,-200.0,,0.762343
MountainCar-v0,ddqn_per,1,28,-157.3182,,0.754719
MountainCar-v0,ddqn_per,1,29,-190.2504,,0.747172
MountainCar-v0,ddqn_per,1,30,-179.8719,,0.7397
MountainCar-v0,ddqn_per,1,31,-167.9093,,0.732303
MountainCar-v0,ddqn_per,1,32,-200.0,,0.72498
MountainCar-v0,ddqn_per,1,33,-158.1973,,0.717731
MountainCar-v0,ddqn_per,1,34,-170.3528,,0.710553
MountainCar-v0,ddqn_per,1,35,-200.0,,0.703448
MountainCar-v0,ddqn_per,1,36,-200.0,,0.696413
MountainCar-v0,ddqn_per,1,37,-200.0,,0.689449
MountainCar-v0,ddqn_per,1,38,-187.4868,,0.682555
MountainCar-v0,ddqn_per,1,39,-188.5162,,0.675729
MountainCar-v0,ddqn_per,1,40,-188.9478,,0.668972
MountainCar-v0,ddqn_per,1,41,-175.0081,,0.662282
MountainCar-v0,ddqn_per,1,42,-200.0,,0.655659
MountainCar-v0,ddqn_per,1,43,-151.0561,,0.649103
MountainCar-v0,ddqn_per,1,44,-179.28,,0.642612
MountainCar-v0,ddqn_per,1,45,-172.6702,,0.636185
MountainCar-v0,ddqn_per,1,46,-158.9147,,0.629824
MountainCar-v0,ddqn_per,1,47,-181.6541,,0.623525
MountainCar-v0,ddqn_per,1,48,-197.967,,0.61729
MountainCar-v0,ddqn_per,1,49,-200.0,,0.611117
MountainCar-v0,ddqn_per,1,50,-200.0,-158.9823,0.605006
MountainCar-v0,ddqn_per,1,51,-187.1247,,0.598956
MountainCar-v0,ddqn_per,1,52,-185.9104,,0.592966
MountainCar-v0,ddqn_per,1,53,-200.0,,0.587037
MountainCar-v0,ddqn_per,1,54,-192.1023,,0.581166
MountainCar-v0,ddqn_per,1,55,-174.8875,,0.575355
MountainCar-v0,ddqn_per,1,56,-148.5698,,0.569601
MountainCar-v0,ddqn_per,1,57,-157.5831,,0.563905
MountainCar-v0,ddqn_per,1,58,-151.7904,,0.558266
MountainCar-v0,ddqn_per,1,59,-180.7713,,0.552683
MountainCar-v0,ddqn_per,1,60,-200.0,,0.547157
MountainCar-v0,ddqn_per,1,61,-200.0,,0.541685
MountainCar-v0,ddqn_per,1,62,-187.859,,0.536268
MountainCar-v0,ddqn_per,1,63,-158.3361,,0.530906
MountainCar-v0,ddqn_per,1,64,-200.0,,0.525596
MountainCar-v0,ddqn_per,1,65,-167.5759,,0.520341
MountainCar-v0,ddqn_per,1,66,-187.3539,,0.515137
MountainCar-v0,ddqn_per,1,67,-193.6334,,0.509986
MountainCar-v0,ddqn_per,1,68,-178.1186,,0.504886
MountainCar-v0,ddqn_per,1,69,-178.0134,,0.499837
MountainCar-v0,ddqn_per,1,70,-142.7987,,0.494839
MountainCar-v0,ddqn_per,1,71,-163.7605,,0.48989
MountainCar-v0,ddqn_per,1,72,-186.6096,,0.484991
MountainCar-v0,ddqn_per,1,73,-163.1447,,0.480141
MountainCar-v0,ddqn_per,1,74,-153.3543,,0.47534
MountainCar-v0,ddqn_per,1,75,-161.7455,,0.470587
MountainCar-v0,ddqn_per,1,76,-182.287,,0.465881
MountainCar-v0,ddqn_per,1,77,-167.1136,,0.461222
MountainCar-v0,ddqn_per,1,78,-180.4783,,0.45661
MountainCar-v0,ddqn_per,1,79,-179.4285,,0.452044
MountainCar-v0,ddqn_per,1,80,-184.9378,,0.447523
MountainCar-v0,ddqn_per,1,81,-138.5146,,0.443048
MountainCar-v0,ddqn_per,1,82,-188.5202,,0.438618
MountainCar-v0,ddqn_per,1,83,-144.4617,,0.434231
MountainCar-v0,ddqn_per,1,84,-185.5393,,0.429889
MountainCar-v0,ddqn_per,1,85,-160.3253,,0.42559
MountainCar-v0,ddqn_per,1,86,-173.0629,,0.421334
MountainCar-v0,ddqn_per,1,87,-147.2103,,0.417121
MountainCar-v0,ddqn_per,1,88,-194.7114,,0.41295
MountainCar-v0,ddqn_per,1,89,-172.3702,,0.40882
MountainCar-v0,ddqn_per,1,90,-121.4115,,0.404732
MountainCar-v0,ddqn_per,1,91,-163.7523,,0.400685
MountainCar-v0,ddqn_per,1,92,-116.8783,,0.396678
MountainCar-v0,ddqn_per,1,93,-179.5995,,0.392711
MountainCar-v0,ddqn_per,1,94,-185.2686,,0.388784
MountainCar-v0,ddqn_per,1,95,-174.3118,,0.384896
MountainCar-v0,ddqn_per,1,96,-183.0111,,0.381047
MountainCar-v0,ddqn_per,1,97,-151.4562,,0.377237
MountainCar-v0,ddqn_per,1,98,-133.8654,,0.373464
MountainCar-v0,ddqn_per,1,99,-146.7096,,0.36973
MountainCar-v0,ddqn_per,1,100,-137.1079,-158.9823,0.366032
MountainCar-v0,ddqn_per,1,101,-173.3862,,0.362372
MountainCar-v0,ddqn_per,1,102,-143.746,,0.358748
MountainCar-v0,ddqn_per,1,103,-139.608,,0.355161
MountainCar-v0,ddqn_per,1,104,-79.929,,0.351609
MountainCar-v0,ddqn_per,1,105,-188.2472,,0.348093
MountainCar-v0,ddqn_per,1,106,-189.1245,,0.344612
MountainCar-v0,ddqn_per,1,107,-146.3284,,0.341166
MountainCar-v0,ddqn_per,1,108,-164.1848,,0.337754
MountainCar-v0,ddqn_per,1,109,-154.0899,,0.334377
MountainCar-v0,ddqn_per,1,110,-194.2898,,0.331033
MountainCar-v0,ddqn_per,1,111,-177.4418,,0.327723
MountainCar-v0,ddqn_per,1,112,-138.5467,,0.324446
MountainCar-v0,ddqn_per,1,113,-185.0278,,0.321201
MountainCar-v0,ddqn_per,1,114,-148.0355,,0.317989
MountainCar-v0,ddqn_per,1,115,-141.4733,,0.314809
MountainCar-v0,ddqn_per,1,116,-176.3068,,0.311661
MountainCar-v0,ddqn_per,1,117,-185.0456,,0.308544
MountainCar-v0,ddqn_per,1,118,-149.3612,,0.305459
MountainCar-v0,ddqn_per,1,119,-181.7841,,0.302404
MountainCar-v0,ddqn_per,1,120,-154.2867,,0.29938
MountainCar-v0,ddqn_per,1,121,-131.199,,0.296387
MountainCar-v0,ddqn_per,1,122,-171.1105,,0.293423
MountainCar-v0,ddqn_per,1,123,-157.9898,,0.290488
MountainCar-v0,ddqn_per,1,124,-129.5517,,0.287584
MountainCar-v0,ddqn_per,1,125,-136.242,,0.284708
MountainCar-v0,ddqn_per,1,126,-156.1876,,0.281861
MountainCar-v0,ddqn_per,1,127,-174.2154,,0.279042
MountainCar-v0,ddqn_per,1,128,-167.3168,,0.276252
MountainCar-v0,ddqn_per,1,129,-172.8356,,0.273489
MountainCar-v0,ddqn_per,1,130,-165.5471,,0.270754
MountainCar-v0,ddqn_per,1,131,-180.5298,,0.268047
MountainCar-v0,ddqn_per,1,132,-156.593,,0.265366
MountainCar-v0,ddqn_per,1,133,-138.7161,,0.262713
MountainCar-v0,ddqn_per,1,134,-168.5475,,0.260085
MountainCar-v0,ddqn_per,1,135,-180.8072,,0.257485
MountainCar-v0,ddqn_per,1,136,-166.2482,,0.25491
MountainCar-v0,ddqn_per,1,137,-171.1769,,0.252361
MountainCar-v0,ddqn_per,1,138,-158.2293,,0.249837
MountainCar-v0,ddqn_per,1,139,-154.1247,,0.247339
MountainCar-v0,ddqn_per,1,140,-147.6724,,0.244865
MountainCar-v0,ddqn_per,1,141,-146.6482,,0.242417
MountainCar-v0,ddqn_per,1,142,-136.4162,,0.239992
MountainCar-v0,ddqn_per,1,143,-137.6061,,0.237593
MountainCar-v0,ddqn_per,1,144,-173.3259,,0.235217
MountainCar-v0,ddqn_per,1,145,-159.6785,,0.232864
MountainCar-v0,ddqn_per,1,146,-119.4558,,0.230536
MountainCar-v0,ddqn_per,1,147,-135.7668,,0.22823
MountainCar-v0,ddqn_per,1,148,-159.3268,,0.225948
MountainCar-v0,ddqn_per,1,149,-145.3389,,0.223689
MountainCar-v0,ddqn_per,1,150,-148.9367,-158.9823,0.221452
MountainCar-v0,ddqn_per,1,151,-184.5208,,0.219237
MountainCar-v0,ddqn_per,1,152,-124.9169,,0.217045
MountainCar-v0,ddqn_per,1,153,-118.0964,,0.214874
MountainCar-v0,ddqn_per,1,154,-168.4193,,0.212726
MountainCar-v0,ddqn_per,1,155,-119.3739,,0.210598
MountainCar-v0,ddqn_per,1,156,-146.8151,,0.208492
MountainCar-v0,ddqn_per,1,157,-163.9152,,0.206408
MountainCar-v0,ddqn_per,1,158,-136.4373,,0.204343
MountainCar-v0,ddqn_per,1,159,-144.1944,,0.2023
MountainCar-v0,ddqn_per,1,160,-147.1517,,0.200277
MountainCar-v0,ddqn_per,1,161,-141.6117,,0.198274
MountainCar-v0,ddqn_per,1,162,-117.8698,,0.196292
MountainCar-v0,ddqn_per,1,163,-161.8167,,0.194329
MountainCar-v0,ddqn_per,1,164,-153.1051,,0.192385
MountainCar-v0,ddqn_per,1,165,-153.8531,,0.190461
MountainCar-v0,ddqn_per,1,166,-168.6031,,0.188557
MountainCar-v0,ddqn_per,1,167,-136.5672,,0.186671
MountainCar-v0,ddqn_per,1,168,-128.426,,0.184805
MountainCar-v0,ddqn_per,1,169,-140.5695,,0.182957
MountainCar-v0,ddqn_per,1,170,-142.4955,,0.181127
MountainCar-v0,ddqn_per,1,171,-162.002,,0.179316
MountainCar-v0,ddqn_per,1,172,-156.3387,,0.177523
MountainCar-v0,ddqn_per,1,173,-147.8426,,0.175747
MountainCar-v0,ddqn_per,1,174,-154.6847,,0.17399
MountainCar-v0,ddqn_per,1,175,-173.5391,,0.17225
MountainCar-v0,ddqn_per,1,176,-177.0171,,0.170527
MountainCar-v0,ddqn_per,1,177,-152.2387,,0.168822
MountainCar-v0,ddqn_per,1,178,-154.2903,,0.167134
MountainCar-v0,ddqn_per,1,179,-163.9815,,0.165463
MountainCar-v0,ddqn_per,1,180,-178.415,,0.163808
MountainCar-v0,ddqn_per,1,181,-134.2888,,0.16217
MountainCar-v0,ddqn_per,1,182,-144.2176,,0.160548
MountainCar-v0,ddqn_per,1,183,-152.7765,,0.158943
MountainCar-v0,ddqn_per,1,184,-162.1574,,0.157353
MountainCar-v0,ddqn_per,1,185,-126.4643,,0.15578
MountainCar-v0,ddqn_per,1,186,-158.4906,,0.154222
MountainCar-v0,ddqn_per,1,187,-169.0229,,0.15268
MountainCar-v0,ddqn_per,1,188,-157.0287,,0.151153
MountainCar-v0,ddqn_per,1,189,-148.5921,,0.149641
MountainCar-v0,ddqn_per,1,190,-170.9182,,0.148145
MountainCar-v0,ddqn_per,1,191,-146.5152,,0.146664
MountainCar-v0,ddqn_per,1,192,-164.394,,0.145197
MountainCar-v0,ddqn_per,1,193,-165.2672,,0.143745
MountainCar-v0,ddqn_per,1,194,-159.623,,0.142307
MountainCar-v0,ddqn_per,1,195,-155.9462,,0.140884
MountainCar-v0,ddqn_per,1,196,122.6184,,0.139476
MountainCar-v0,ddqn_per,1,197,-154.4428,,0.138081
MountainCar-v0,ddqn_per,1,198,-165.3365,,0.1367
MountainCar-v0,ddqn_per,1,199,-140.2176,,0.135333
MountainCar-v0,ddqn_per,1,200,-176.4027,-158.9823,0.13398
MountainCar-v0,ddqn_per,1,201,-129.0497,,0.13264
MountainCar-v0,ddqn_per,1,202,-146.5729,,0.131313
MountainCar-v0,ddqn_per,1,203,-165.882,,0.13
MountainCar-v0,ddqn_per,1,204,-163.4715,,0.1287
MountainCar-v0,ddqn_per,1,205,-174.448,,0.127413
MountainCar-v0,ddqn_per,1,206,-151.6171,,0.126139
MountainCar-v0,ddqn_per,1,207,-127.3345,,0.124878
MountainCar-v0,ddqn_per,1,208,-118.6243,,0.123629
MountainCar-v0,ddqn_per,1,209,-164.1241,,0.122393
MountainCar-v0,ddqn_per,1,210,-156.6674,,0.121169
MountainCar-v0,ddqn_per,1,211,-171.8426,,0.119957
MountainCar-v0,ddqn_per,1,212,-162.4662,,0.118758
MountainCar-v0,ddqn_per,1,213,-160.7843,,0.11757
MountainCar-v0,ddqn_per,1,214,-145.6657,,0.116394
MountainCar-v0,ddqn_per,1,215,70.1024,,0.11523
MountainCar-v0,ddqn_per,1,216,73.2185,,0.114078
MountainCar-v0,ddqn_per,1,217,-158.7221,,0.112937
MountainCar-v0,ddqn_per,1,218,-147.7227,,0.111808
MountainCar-v0,ddqn_per,1,219,-162.9103,,0.11069
MountainCar-v0,ddqn_per,1,220,-149.6682,,0.109583
MountainCar-v0,ddqn_per,1,221,-177.7795,,0.108487
MountainCar-v0,ddqn_per,1,222,29.6089,,0.107402
MountainCar-v0,ddqn_per,1,223,59.6677,,0.106328
MountainCar-v0,ddqn_per,1,224,-167.9279,,0.105265
MountainCar-v0,ddqn_per,1,225,-136.7647,,0.104212
MountainCar-v0,ddqn_per,1,226,-123.3797,,0.10317
MountainCar-v0,ddqn_per,1,227,-87.2821,,0.102138
MountainCar-v0,ddqn_per,1,228,-143.8882,,0.101117
MountainCar-v0,ddqn_per,1,229,42.6783,,0.100106
MountainCar-v0,ddqn_per,1,230,129.9153,,0.099105
MountainCar-v0,ddqn_per,1,231,-174.5497,,0.098114
MountainCar-v0,ddqn_per,1,232,-149.3207,,0.097133
MountainCar-v0,ddqn_per,1,233,-167.9358,,0.096161
MountainCar-v0,ddqn_per,1,234,-158.2367,,0.0952
MountainCar-v0,ddqn_per,1,235,-156.9888,,0.094248
MountainCar-v0,ddqn_per,1,236,-172.0279,,0.093305
MountainCar-v0,ddqn_per,1,237,-126.2977,,0.092372
MountainCar-v0,ddqn_per,1,238,-135.5632,,0.091448
MountainCar-v0,ddqn_per,1,239,-166.5766,,0.090534
MountainCar-v0,ddqn_per,1,240,27.4534,,0.089629
MountainCar-v0,ddqn_per,1,241,-153.3262,,0.088732
MountainCar-v0,ddqn_per,1,242,-96.5759,,0.087845
MountainCar-v0,ddqn_per,1,243,33.4922,,0.086967
MountainCar-v0,ddqn_per,1,244,-143.4718,,0.086097
MountainCar-v0,ddqn_per,1,245,-149.7906,,0.085236
MountainCar-v0,ddqn_per,1,246,-154.0218,,0.084384
MountainCar-v0,ddqn_per,1,247,84.7764,,0.08354
MountainCar-v0,ddqn_per,1,248,85.6307,,0.082704
MountainCar-v0,ddqn_per,1,249,40.1383,,0.081877
MountainCar-v0,ddqn_per,1,250,-167.6818,-158.9823,0.081059
MountainCar-v0,ddqn_per,1,251,-161.735,,0.080248
MountainCar-v0,ddqn_per,1,252,30.6986,,0.079445
MountainCar-v0,ddqn_per,1,253,-166.6567,,0.078651
MountainCar-v0,ddqn_per,1,254,-131.962,,0.077864
MountainCar-v0,ddqn_per,1,255,29.4055,,0.077086
MountainCar-v0,ddqn_per,1,256,-149.8718,,0.076315
MountainCar-v0,ddqn_per,1,257,32.4118,,0.075552
MountainCar-v0,ddqn_per,1,258,-141.2966,,0.074796
MountainCar-v0,ddqn_per,1,259,39.0877,,0.074048
MountainCar-v0,ddqn_per,1,260,86.2805,,0.073308
MountainCar-v0,ddqn_per,1,261,-81.0611,,0.072575
MountainCar-v0,ddqn_per,1,262,-168.8285,,0.071849
MountainCar-v0,ddqn_per,1,263,248.6384,,0.071131
MountainCar-v0,ddqn_per,1,264,-167.7484,,0.070419
MountainCar-v0,ddqn_per,1,265,-166.9726,,0.069715
MountainCar-v0,ddqn_per,1,266,-172.6307,,0.069018
MountainCar-v0,ddqn_per,1,267,27.8232,,0.068328
MountainCar-v0,ddqn_per,1,268,-161.8298,,0.067644
MountainCar-v0,ddqn_per,1,269,-94.33,,0.066968
MountainCar-v0,ddqn_per,1,270,-151.2268,,0.066298
MountainCar-v0,ddqn_per,1,271,-161.6809,,0.065635
MountainCar-v0,ddqn_per,1,272,-141.8834,,0.064979
MountainCar-v0,ddqn_per,1,273,-165.3084,,0.064329
MountainCar-v0,ddqn_per,1,274,-144.3048,,0.063686
MountainCar-v0,ddqn_per,1,275,22.993,,0.063049
MountainCar-v0,ddqn_per,1,276,35.5413,,0.062419
MountainCar-v0,ddqn_per,1,277,128.957,,0.061794
MountainCar-v0,ddqn_per,1,278,-147.9764,,0.061176
MountainCar-v0,ddqn_per,1,279,-167.8297,,0.060565
MountainCar-v0,ddqn_per,1,280,-164.5806,,0.059959
MountainCar-v0,ddqn_per,1,281,-183.6088,,0.059359
MountainCar-v0,ddqn_per,1,282,-156.4831,,0.058766
MountainCar-v0,ddqn_per,1,283,-142.2239,,0.058178
MountainCar-v0,ddqn_per,1,284,34.9197,,0.057596
MountainCar-v0,ddqn_per,1,285,28.2542,,0.05702
MountainCar-v0,ddqn_per,1,286,33.6081,,0.05645
MountainCar-v0,ddqn_per,1,287,-164.5219,,0.055886
MountainCar-v0,ddqn_per,1,288,54.0587,,0.055327
MountainCar-v0,ddqn_per,1,289,28.2194,,0.054774
MountainCar-v0,ddqn_per,1,290,-150.8432,,0.054226
MountainCar-v0,ddqn_per,1,291,47.3605,,0.053684
MountainCar-v0,ddqn_per,1,292,-135.8776,,0.053147
MountainCar-v0,ddqn_per,1,293,-152.234,,0.052615
MountainCar-v0,ddqn_per,1,294,33.9495,,0.052089
MountainCar-v0,ddqn_per,1,295,34.4445,,0.051568
MountainCar-v0,ddqn_per,1,296,34.6986,,0.051053
MountainCar-v0,ddqn_per,1,297,-49.5638,,0.050542
MountainCar-v0,ddqn_per,1,298,56.6,,0.050037
MountainCar-v0,ddqn_per,1,299,52.706,,0.049536
MountainCar-v0,ddqn_per,1,300,-156.1298,-158.9823,0.049041
MountainCar-v0,ddqn_per,1,301,37.3964,,0.04855
MountainCar-v0,ddqn_per,1,302,-50.4591,,0.048065
MountainCar-v0,ddqn_per,1,303,-163.8014,,0.047584
MountainCar-v0,ddqn_per,1,304,53.0471,,0.047108
MountainCar-v0,ddqn_per,1,305,-142.71,,0.046637
MountainCar-v0,ddqn_per,1,306,42.9595,,0.046171
MountainCar-v0,ddqn_per,1,307,-167.4455,,0.045709
MountainCar-v0,ddqn_per,1,308,-149.5428,,0.045252
MountainCar-v0,ddqn_per,1,309,33.3166,,0.0448
MountainCar-v0,ddqn_per,1,310,48.681,,0.044352
MountainCar-v0,ddqn_per,1,311,-173.236,,0.043908
MountainCar-v0,ddqn_per,1,312,-20.1352,,0.043469
MountainCar-v0,ddqn_per,1,313,-50.9698,,0.043034
MountainCar-v0,ddqn_per,1,314,49.5889,,0.042604
MountainCar-v0,ddqn_per,1,315,-137.8228,,0.042178
MountainCar-v0,ddqn_per,1,316,-41.5635,,0.041756
MountainCar-v0,ddqn_per,1,317,224.339,,0.041339
MountainCar-v0,ddqn_per,1,318,-140.2896,,0.040925
MountainCar-v0,ddqn_per,1,319,31.5294,,0.040516
MountainCar-v0,ddqn_per,1,320,60.4591,,0.040111
MountainCar-v0,ddqn_per,1,321,-143.2818,,0.03971
MountainCar-v0,ddqn_per,1,322,184.2928,,0.039313
MountainCar-v0,ddqn_per,1,323,-172.883,,0.03892
MountainCar-v0,ddqn_per,1,324,37.8214,,0.03853
MountainCar-v0,ddqn_per,1,325,-181.7199,,0.038145
MountainCar-v0,ddqn_per,1,326,-164.9178,,0.037764
MountainCar-v0,ddqn_per,1,327,35.0197,,0.037386
MountainCar-v0,ddqn_per,1,328,86.4118,,0.037012
MountainCar-v0,ddqn_per,1,329,33.3917,,0.036642
MountainCar-v0,ddqn_per,1,330,-164.4989,,0.036276
MountainCar-v0,ddqn_per,1,331,-173.6957,,0.035913
MountainCar-v0,ddqn_per,1,332,-134.6459,,0.035554
MountainCar-v0,ddqn_per,1,333,-9.5549,,0.035198
MountainCar-v0,ddqn_per,1,334,-134.2708,,0.034846
MountainCar-v0,ddqn_per,1,335,9.4224,,0.034498
MountainCar-v0,ddqn_per,1,336,64.7863,,0.034153
MountainCar-v0,ddqn_per,1,337,-168.3497,,0.033811
MountainCar-v0,ddqn_per,1,338,27.5301,,0.033473
MountainCar-v0,ddqn_per,1,339,-168.1662,,0.033138
MountainCar-v0,ddqn_per,1,340,264.3435,,0.032807
MountainCar-v0,ddqn_per,1,341,105.8646,,0.032479
MountainCar-v0,ddqn_per,1,342,-163.708,,0.032154
MountainCar-v0,ddqn_per,1,343,68.0302,,0.031833
MountainCar-v0,ddqn_per,1,344,54.1294,,0.031514
MountainCar-v0,ddqn_per,1,345,-168.1847,,0.031199
MountainCar-v0,ddqn_per,1,346,-0.4153,,0.030887
MountainCar-v0,ddqn_per,1,347,51.4394,,0.030578
MountainCar-v0,ddqn_per,1,348,-167.6202,,0.030272
MountainCar-v0,ddqn_per,1,349,63.6879,,0.02997
MountainCar-v0,ddqn_per,1,350,123.6942,139.8537,0.02967
MountainCar-v0,ddqn_per,1,351,21.7318,,0.029373
MountainCar-v0,ddqn_per,1,352,-53.7347,,0.02908
MountainCar-v0,ddqn_per,1,353,-43.2967,,0.028789
MountainCar-v0,ddqn_per,1,354,-11.6867,,0.028501
MountainCar-v0,ddqn_per,1,355,211.0718,,0.028216
MountainCar-v0,ddqn_per,1,356,101.2192,,0.027934
MountainCar-v0,ddqn_per,1,357,-31.3946,,0.027654
MountainCar-v0,ddqn_per,1,358,-145.3597,,0.027378
MountainCar-v0,ddqn_per,1,359,88.4174,,0.027104
MountainCar-v0,ddqn_per,1,360,95.3446,,0.026833
MountainCar-v0,ddqn_per,1,361,24.0365,,0.026565
MountainCar-v0,ddqn_per,1,362,30.0726,,0.026299
MountainCar-v0,ddqn_per,1,363,32.8891,,0.026036
MountainCar-v0,ddqn_per,1,364,-177.8263,,0.025776
MountainCar-v0,ddqn_per,1,365,74.733,,0.025518
MountainCar-v0,ddqn_per,1,366,-64.5852,,0.025263
MountainCar-v0,ddqn_per,1,367,83.7919,,0.02501
MountainCar-v0,ddqn_per,1,368,6.3903,,0.02476
MountainCar-v0,ddqn_per,1,369,67.0203,,0.024512
MountainCar-v0,ddqn_per,1,370,114.1842,,0.024267
MountainCar-v0,ddqn_per,1,371,143.0329,,0.024025
MountainCar-v0,ddqn_per,1,372,66.755,,0.023784
MountainCar-v0,ddqn_per,1,373,65.6041,,0.023547
MountainCar-v0,ddqn_per,1,374,-153.8416,,0.023311
MountainCar-v0,ddqn_per,1,375,75.7379,,0.023078
MountainCar-v0,ddqn_per,1,376,299.6664,,0.022847
MountainCar-v0,ddqn_per,1,377,148.3332,,0.022619
MountainCar-v0,ddqn_per,1,378,125.8974,,0.022393
MountainCar-v0,ddqn_per,1,379,-5.4685,,0.022169
MountainCar-v0,ddqn_per,1,380,-169.0635,,0.021947
MountainCar-v0,ddqn_per,1,381,-21.2363,,0.021727
MountainCar-v0,ddqn_per,1,382,-138.0361,,0.02151
MountainCar-v0,ddqn_per,1,383,20.5598,,0.021295
MountainCar-v0,ddqn_per,1,384,-8.7879,,0.021082
MountainCar-v0,ddqn_per,1,385,10.7369,,0.020871
MountainCar-v0,ddqn_per,1,386,34.1942,,0.020663
MountainCar-v0,ddqn_per,1,387,136.9912,,0.020456
MountainCar-v0,ddqn_per,1,388,130.2682,,0.020251
MountainCar-v0,ddqn_per,1,389,-160.7919,,0.020049
MountainCar-v0,ddqn_per,1,390,11.3938,,0.019848
MountainCar-v0,ddqn_per,1,391,181.7985,,0.01965
MountainCar-v0,ddqn_per,1,392,149.8242,,0.019453
MountainCar-v0,ddqn_per,1,393,6.8819,,0.019259
MountainCar-v0,ddqn_per,1,394,23.2737,,0.019066
MountainCar-v0,ddqn_per,1,395,74.7119,,0.018876
MountainCar-v0,ddqn_per,1,396,158.1495,,0.018687
MountainCar-v0,ddqn_per,1,397,27.7775,,0.0185
MountainCar-v0,ddqn_per,1,398,110.6122,,0.018315
MountainCar-v0,ddqn_per,1,399,29.6918,,0.018132
MountainCar-v0,ddqn_per,1,400,192.3848,19.0682,0.017951
MountainCar-v0,ddqn_per,1,401,25.6078,,0.017771
MountainCar-v0,ddqn_per,1,402,55.6907,,0.017593
MountainCar-v0,ddqn_per,1,403,166.0931,,0.017417
MountainCar-v0,ddqn_per,1,404,105.5104,,0.017243
MountainCar-v0,ddqn_per,1,405,270.5338,,0.017071
MountainCar-v0,ddqn_per,1,406,87.4717,,0.0169
MountainCar-v0,ddqn_per,1,407,33.4215,,0.016731
MountainCar-v0,ddqn_per,1,408,259.2389,,0.016564
MountainCar-v0,ddqn_per,1,409,49.9597,,0.016398
MountainCar-v0,ddqn_per,1,410,103.029,,0.016234
MountainCar-v0,ddqn_per,1,411,22.9292,,0.016072
MountainCar-v0,ddqn_per,1,412,103.9487,,0.015911
MountainCar-v0,ddqn_per,1,413,-164.5063,,0.015752
MountainCar-v0,ddqn_per,1,414,-172.6839,,0.015594
MountainCar-v0,ddqn_per,1,415,113.3614,,0.015439
MountainCar-v0,ddqn_per,1,416,30.8703,,0.015284
MountainCar-v0,ddqn_per,1,417,81.8034,,0.015131
MountainCar-v0,ddqn_per,1,418,25.5612,,0.01498
MountainCar-v0,ddqn_per,1,419,-166.7158,,0.01483
MountainCar-v0,ddqn_per,1,420,100.3163,,0.014682
MountainCar-v0,ddqn_per,1,421,-72.5198,,0.014535
MountainCar-v0,ddqn_per,1,422,145.3989,,0.01439
MountainCar-v0,ddqn_per,1,423,34.9429,,0.014246
MountainCar-v0,ddqn_per,1,424,179.9285,,0.014103
MountainCar-v0,ddqn_per,1,425,149.8542,,0.013962
MountainCar-v0,ddqn_per,1,426,-149.5084,,0.013823
MountainCar-v0,ddqn_per,1,427,130.4064,,0.013684
MountainCar-v0,ddqn_per,1,428,-166.0005,,0.013548
MountainCar-v0,ddqn_per,1,429,21.6305,,0.013412
MountainCar-v0,ddqn_per,1,430,98.4719,,0.013278
MountainCar-v0,ddqn_per,1,431,11.6377,,0.013145
MountainCar-v0,ddqn_per,1,432,-166.2549,,0.013014
MountainCar-v0,ddqn_per,1,433,90.68,,0.012884
MountainCar-v0,ddqn_per,1,434,98.5474,,0.012755
MountainCar-v0,ddqn_per,1,435,59.8843,,0.012627
MountainCar-v0,ddqn_per,1,436,108.5741,,0.012501
MountainCar-v0,ddqn_per,1,437,111.7099,,0.012376
MountainCar-v0,ddqn_per,1,438,-145.9228,,0.012252
MountainCar-v0,ddqn_per,1,439,-160.1221,,0.01213
MountainCar-v0,ddqn_per,1,440,-148.5944,,0.012008
MountainCar-v0,ddqn_per,1,441,23.4856,,0.011888
MountainCar-v0,ddqn_per,1,442,20.7683,,0.011769
MountainCar-v0,ddqn_per,1,443,-166.3733,,0.011652
MountainCar-v0,ddqn_per,1,444,204.3127,,0.011535
MountainCar-v0,ddqn_per,1,445,168.723,,0.01142
MountainCar-v0,ddqn_per,1,446,-151.6763,,0.011306
MountainCar-v0,ddqn_per,1,447,117.6139,,0.011193
MountainCar-v0,ddqn_per,1,448,35.6769,,0.011081
MountainCar-v0,ddqn_per,1,449,59.3178,,0.01097
MountainCar-v0,ddqn_per,1,450,61.2413,-158.9823,0.01086
MountainCar-v0,ddqn_per,1,451,84.8838,,0.010752
MountainCar-v0,ddqn_per,1,452,25.5717,,0.010644
MountainCar-v0,ddqn_per,1,453,56.3506,,0.010538
MountainCar-v0,ddqn_per,1,454,31.9733,,0.010432
MountainCar-v0,ddqn_per,1,455,50.7345,,0.010328
MountainCar-v0,ddqn_per,1,456,44.177,,0.010225
MountainCar-v0,ddqn_per,1,457,66.1875,,0.010122
MountainCar-v0,ddqn_per,1,458,65.4932,,0.010021
MountainCar-v0,ddqn_per,1,459,67.6886,,0.01
MountainCar-v0,ddqn_per,1,460,72.5517,,0.01
MountainCar-v0,ddqn_per,1,461,271.5751,,0.01
MountainCar-v0,ddqn_per,1,462,-160.0745,,0.01
MountainCar-v0,ddqn_per,1,463,42.8181,,0.01
MountainCar-v0,ddqn_per,1,464,31.011,,0.01
MountainCar-v0,ddqn_per,1,465,62.6389,,0.01
MountainCar-v0,ddqn_per,1,466,39.6838,,0.01
MountainCar-v0,ddqn_per,1,467,46.1262,,0.01
MountainCar-v0,ddqn_per,1,468,56.7168,,0.01
MountainCar-v0,ddqn_per,1,469,56.4806,,0.01
MountainCar-v0,ddqn_per,1,470,42.5855,,0.01
MountainCar-v0,ddqn_per,1,471,-161.0468,,0.01
MountainCar-v0,ddqn_per,1,472,35.9522,,0.01
MountainCar-v0,ddqn_per,1,473,39.7443,,0.01
MountainCar-v0,ddqn_per,1,474,27.2645,,0.01
MountainCar-v0,ddqn_per,1,475,42.7176,,0.01
MountainCar-v0,ddqn_per,1,476,47.2368,,0.01
MountainCar-v0,ddqn_per,1,477,44.435,,0.01
MountainCar-v0,ddqn_per,1,478,49.1163,,0.01
MountainCar-v0,ddqn_per,1,479,63.3061,,0.01
MountainCar-v0,ddqn_per,1,480,60.5207,,0.01
MountainCar-v0,ddqn_per,1,481,17.1813,,0.01
MountainCar-v0,ddqn_per,1,482,44.8866,,0.01
MountainCar-v0,ddqn_per,1,483,46.8184,,0.01
MountainCar-v0,ddqn_per,1,484,124.8035,,0.01
MountainCar-v0,ddqn_per,1,485,40.7231,,0.01
MountainCar-v0,ddqn_per,1,486,46.0887,,0.01
MountainCar-v0,ddqn_per,1,487,39.9486,,0.01
MountainCar-v0,ddqn_per,1,488,46.3397,,0.01
MountainCar-v0,ddqn_per,1,489,51.775,,0.01
MountainCar-v0,ddqn_per,1,490,43.4183,,0.01
MountainCar-v0,ddqn_per,1,491,254.8632,,0.01
MountainCar-v0,ddqn_per,1,492,82.4447,,0.01
MountainCar-v0,ddqn_per,1,493,54.7972,,0.01
MountainCar-v0,ddqn_per,1,494,19.6859,,0.01
MountainCar-v0,ddqn_per,1,495,48.0694,,0.01
MountainCar-v0,ddqn_per,1,496,63.3262,,0.01
MountainCar-v0,ddqn_per,1,497,30.6671,,0.01
MountainCar-v0,ddqn_per,1,498,52.2153,,0.01
MountainCar-v0,ddqn_per,1,499,47.0517,,0.01
MountainCar-v0,ddqn_per,1,500,44.5029,93.2576,0.01
MountainCar-v0,ddqn_per,1,501,33.3488,,0.01
MountainCar-v0,ddqn_per,1,502,73.3169,,0.01
MountainCar-v0,ddqn_per,1,503,207.4389,,0.01
MountainCar-v0,ddqn_per,1,504,12.7588,,0.01
MountainCar-v0,ddqn_per,1,505,16.8279,,0.01
MountainCar-v0,ddqn_per,1,506,40.3909,,0.01
MountainCar-v0,ddqn_per,1,507,45.2048,,0.01
MountainCar-v0,ddqn_per,1,508,36.3483,,0.01
MountainCar-v0,ddqn_per,1,509,43.2426,,0.01
MountainCar-v0,ddqn_per,1,510,36.0509,,0.01
MountainCar-v0,ddqn_per,1,511,43.8307,,0.01
MountainCar-v0,ddqn_per,1,512,115.3157,,0.01
MountainCar-v0,ddqn_per,1,513,57.0563,,0.01
MountainCar-v0,ddqn_per,1,514,182.2926,,0.01
MountainCar-v0,ddqn_per,1,515,145.4124,,0.01
MountainCar-v0,ddqn_per,1,516,34.4959,,0.01
MountainCar-v0,ddqn_per,1,517,27.6868,,0.01
MountainCar-v0,ddqn_per,1,518,24.7753,,0.01
MountainCar-v0,ddqn_per,1,519,34.2253,,0.01
MountainCar-v0,ddqn_per,1,520,56.4583,,0.01
MountainCar-v0,ddqn_per,1,521,340.0947,,0.01
MountainCar-v0,ddqn_per,1,522,69.6473,,0.01
MountainCar-v0,ddqn_per,1,523,85.8219,,0.01
MountainCar-v0,ddqn_per,1,524,69.8144,,0.01
MountainCar-v0,ddqn_per,1,525,76.919,,0.01
MountainCar-v0,ddqn_per,1,526,244.4201,,0.01
MountainCar-v0,ddqn_per,1,527,215.1604,,0.01
MountainCar-v0,ddqn_per,1,528,46.3815,,0.01
MountainCar-v0,ddqn_per,1,529,21.5406,,0.01
MountainCar-v0,ddqn_per,1,530,48.0429,,0.01
MountainCar-v0,ddqn_per,1,531,51.7521,,0.01
MountainCar-v0,ddqn_per,1,532,47.6036,,0.01
MountainCar-v0,ddqn_per,1,533,133.1513,,0.01
MountainCar-v0,ddqn_per,1,534,144.6759,,0.01
MountainCar-v0,ddqn_per,1,535,45.5307,,0.01
MountainCar-v0,ddqn_per,1,536,63.8478,,0.01
MountainCar-v0,ddqn_per,1,537,36.25,,0.01
MountainCar-v0,ddqn_per,1,538,207.5419,,0.01
MountainCar-v0,ddqn_per,1,539,74.4693,,0.01
MountainCar-v0,ddqn_per,1,540,49.1954,,0.01
MountainCar-v0,ddqn_per,1,541,39.6345,,0.01
MountainCar-v0,ddqn_per,1,542,33.391,,0.01
MountainCar-v0,ddqn_per,1,543,39.188,,0.01
MountainCar-v0,ddqn_per,1,544,42.6081,,0.01
MountainCar-v0,ddqn_per,1,545,89.9614,,0.01
MountainCar-v0,ddqn_per,1,546,97.079,,0.01
MountainCar-v0,ddqn_per,1,547,142.1351,,0.01
MountainCar-v0,ddqn_per,1,548,140.5884,,0.01
MountainCar-v0,ddqn_per,1,549,63.9112,,0.01
MountainCar-v0,ddqn_per,1,550,33.5624,50.7119,0.01
MountainCar-v0,ddqn_per,1,551,52.9134,,0.01
MountainCar-v0,ddqn_per,1,552,32.61,,0.01
MountainCar-v0,ddqn_per,1,553,53.7082,,0.01
MountainCar-v0,ddqn_per,1,554,64.9869,,0.01
MountainCar-v0,ddqn_per,1,555,38.9892,,0.01
MountainCar-v0,ddqn_per,1,556,75.143,,0.01
MountainCar-v0,ddqn_per,1,557,56.6479,,0.01
MountainCar-v0,ddqn_per,1,558,58.9445,,0.01
MountainCar-v0,ddqn_per,1,559,41.742,,0.01
MountainCar-v0,ddqn_per,1,560,48.2053,,0.01
MountainCar-v0,ddqn_per,1,561,57.5531,,0.01
MountainCar-v0,ddqn_per,1,562,65.2931,,0.01
MountainCar-v0,ddqn_per,1,563,49.2673,,0.01
MountainCar-v0,ddqn_per,1,564,54.6511,,0.01
MountainCar-v0,ddqn_per,1,565,46.9281,,0.01
MountainCar-v0,ddqn_per,1,566,47.2721,,0.01
MountainCar-v0,ddqn_per,1,567,43.7255,,0.01
MountainCar-v0,ddqn_per,1,568,58.9888,,0.01
MountainCar-v0,ddqn_per,1,569,47.596,,0.01
MountainCar-v0,ddqn_per,1,570,36.5414,,0.01
MountainCar-v0,ddqn_per,1,571,56.029,,0.01
MountainCar-v0,ddqn_per,1,572,42.7906,,0.01
MountainCar-v0,ddqn_per,1,573,39.7155,,0.01
MountainCar-v0,ddqn_per,1,574,46.4106,,0.01
MountainCar-v0,ddqn_per,1,575,73.9757,,0.01
MountainCar-v0,ddqn_per,1,576,48.3406,,0.01
MountainCar-v0,ddqn_per,1,577,48.0161,,0.01
MountainCar-v0,ddqn_per,1,578,47.0557,,0.01
MountainCar-v0,ddqn_per,1,579,50.023,,0.01
MountainCar-v0,ddqn_per,1,580,44.0723,,0.01
MountainCar-v0,ddqn_per,1,581,52.8081,,0.01
MountainCar-v0,ddqn_per,1,582,50.0084,,0.01
MountainCar-v0,ddqn_per,1,583,48.338,,0.01
MountainCar-v0,ddqn_per,1,584,31.9108,,0.01
MountainCar-v0,ddqn_per,1,585,37.5408,,0.01
MountainCar-v0,ddqn_per,1,586,31.3295,,0.01
MountainCar-v0,ddqn_per,1,587,31.2557,,0.01
MountainCar-v0,ddqn_per,1,588,46.962,,0.01
MountainCar-v0,ddqn_per,1,589,35.6806,,0.01
MountainCar-v0,ddqn_per,1,590,31.5393,,0.01
MountainCar-v0,ddqn_per,1,591,57.8874,,0.01
MountainCar-v0,ddqn_per,1,592,44.9823,,0.01
MountainCar-v0,ddqn_per,1,593,1.9591,,0.01
MountainCar-v0,ddqn_per,1,594,43.9655,,0.01
MountainCar-v0,ddqn_per,1,595,20.9597,,0.01
MountainCar-v0,ddqn_per,1,596,45.2908,,0.01
MountainCar-v0,ddqn_per,1,597,31.8469,,0.01
MountainCar-v0,ddqn_per,1,598,44.8872,,0.01
MountainCar-v0,ddqn_per,1,599,40.578,,0.01
MountainCar-v0,ddqn_per,1,600,32.0573,31.9329,0.01
MountainCar-v0,ddqn_per,1,601,46.7736,,0.01
MountainCar-v0,ddqn_per,1,602,35.5629,,0.01
MountainCar-v0,ddqn_per,1,603,0.2386,,0.01
MountainCar-v0,ddqn_per,1,604,40.0881,,0.01
MountainCar-v0,ddqn_per,1,605,36.8979,,0.01
MountainCar-v0,ddqn_per,1,606,-2.3635,,0.01
MountainCar-v0,ddqn_per,1,607,29.9157,,0.01
MountainCar-v0,ddqn_per,1,608,22.5808,,0.01
MountainCar-v0,ddqn_per,1,609,28.3241,,0.01
MountainCar-v0,ddqn_per,1,610,3.3807,,0.01
MountainCar-v0,ddqn_per,1,611,86.1184,,0.01
MountainCar-v0,ddqn_per,1,612,102.013,,0.01
MountainCar-v0,ddqn_per,1,613,24.6082,,0.01
MountainCar-v0,ddqn_per,1,614,29.7387,,0.01
MountainCar-v0,ddqn_per,1,615,22.3666,,0.01
MountainCar-v0,ddqn_per,1,616,30.1846,,0.01
MountainCar-v0,ddqn_per,1,617,28.5191,,0.01
MountainCar-v0,ddqn_per,1,618,32.6624,,0.01
MountainCar-v0,ddqn_per,1,619,37.0668,,0.01
MountainCar-v0,ddqn_per,1,620,6.7754,,0.01
MountainCar-v0,ddqn_per,1,621,19.9168,,0.01
MountainCar-v0,ddqn_per,1,622,74.801,,0.01
MountainCar-v0,ddqn_per,1,623,28.7684,,0.01
MountainCar-v0,ddqn_per,1,624,38.6811,,0.01
MountainCar-v0,ddqn_per,1,625,27.46,,0.01
MountainCar-v0,ddqn_per,1,626,43.8224,,0.01
MountainCar-v0,ddqn_per,1,627,25.7959,,0.01
MountainCar-v0,ddqn_per,1,628,32.8049,,0.01
MountainCar-v0,ddqn_per,1,629,56.6643,,0.01
MountainCar-v0,ddqn_per,1,630,56.6966,,0.01
MountainCar-v0,ddqn_per,1,631,96.9799,,0.01
MountainCar-v0,ddqn_per,1,632,34.2747,,0.01
MountainCar-v0,ddqn_per,1,633,81.0481,,0.01
MountainCar-v0,ddqn_per,1,634,37.4584,,0.01
MountainCar-v0,ddqn_per,1,635,36.9843,,0.01
MountainCar-v0,ddqn_per,1,636,25.7945,,0.01
MountainCar-v0,ddqn_per,1,637,76.5433,,0.01
MountainCar-v0,ddqn_per,1,638,37.0146,,0.01
MountainCar-v0,ddqn_per,1,639,10.533,,0.01
MountainCar-v0,ddqn_per,1,640,28.7173,,0.01
MountainCar-v0,ddqn_per,1,641,82.4817,,0.01
MountainCar-v0,ddqn_per,1,642,39.1592,,0.01
MountainCar-v0,ddqn_per,1,643,50.7413,,0.01
MountainCar-v0,ddqn_per,1,644,41.945,,0.01
MountainCar-v0,ddqn_per,1,645,22.9619,,0.01
MountainCar-v0,ddqn_per,1,646,28.6238,,0.01
MountainCar-v0,ddqn_per,1,647,32.5901,,0.01
MountainCar-v0,ddqn_per,1,648,68.1225,,0.01
MountainCar-v0,ddqn_per,1,649,27.6404,,0.01
MountainCar-v0,ddqn_per,1,650,26.6988,24.0578,0.01
MountainCar-v0,ddqn_per,1,651,107.5899,,0.01
MountainCar-v0,ddqn_per,1,652,77.4677,,0.01
MountainCar-v0,ddqn_per,1,653,52.377,,0.01
MountainCar-v0,ddqn_per,1,654,60.8729,,0.01
MountainCar-v0,ddqn_per,1,655,22.039,,0.01
MountainCar-v0,ddqn_per,1,656,19.191,,0.01
MountainCar-v0,ddqn_per,1,657,22.5608,,0.01
MountainCar-v0,ddqn_per,1,658,27.9538,,0.01
MountainCar-v0,ddqn_per,1,659,26.0715,,0.01
MountainCar-v0,ddqn_per,1,660,21.7952,,0.01
MountainCar-v0,ddqn_per,1,661,115.3866,,0.01
MountainCar-v0,ddqn_per,1,662,87.8433,,0.01
MountainCar-v0,ddqn_per,1,663,32.5018,,0.01
MountainCar-v0,ddqn_per,1,664,30.4622,,0.01
MountainCar-v0,ddqn_per,1,665,91.5023,,0.01
MountainCar-v0,ddqn_per,1,666,53.0869,,0.01
MountainCar-v0,ddqn_per,1,667,31.8018,,0.01
MountainCar-v0,ddqn_per,1,668,20.5376,,0.01
MountainCar-v0,ddqn_per,1,669,39.3829,,0.01
MountainCar-v0,ddqn_per,1,670,31.6177,,0.01
MountainCar-v0,ddqn_per,1,671,122.7405,,0.01
MountainCar-v0,ddqn_per,1,672,64.6544,,0.01
MountainCar-v0,ddqn_per,1,673,47.4816,,0.01
MountainCar-v0,ddqn_per,1,674,83.8677,,0.01
MountainCar-v0,ddqn_per,1,675,46.1377,,0.01
MountainCar-v0,ddqn_per,1,676,26.8132,,0.01
MountainCar-v0,ddqn_per,1,677,30.9842,,0.01
MountainCar-v0,ddqn_per,1,678,25.2446,,0.01
MountainCar-v0,ddqn_per,1,679,32.589,,0.01
MountainCar-v0,ddqn_per,1,680,50.2146,,0.01
MountainCar-v0,ddqn_per,1,681,55.8324,,0.01
MountainCar-v0,ddqn_per,1,682,65.0235,,0.01
MountainCar-v0,ddqn_per,1,683,74.1469,,0.01
MountainCar-v0,ddqn_per,1,684,27.2518,,0.01
MountainCar-v0,ddqn_per,1,685,36.7402,,0.01
MountainCar-v0,ddqn_per,1,686,34.8984,,0.01
MountainCar-v0,ddqn_per,1,687,37.4557,,0.01
MountainCar-v0,ddqn_per,1,688,31.4179,,0.01
MountainCar-v0,ddqn_per,1,689,23.023,,0.01
MountainCar-v0,ddqn_per,1,690,30.9825,,0.01
MountainCar-v0,ddqn_per,1,691,429.3511,,0.01
MountainCar-v0,ddqn_per,1,692,223.9325,,0.01
MountainCar-v0,ddqn_per,1,693,35.7457,,0.01
MountainCar-v0,ddqn_per,1,694,36.6263,,0.01
MountainCar-v0,ddqn_per,1,695,41.7571,,0.01
MountainCar-v0,ddqn_per,1,696,27.9333,,0.01
MountainCar-v0,ddqn_per,1,697,32.9506,,0.01
MountainCar-v0,ddqn_per,1,698,22.4141,,0.01
MountainCar-v0,ddqn_per,1,699,35.4409,,0.01
MountainCar-v0,ddqn_per,1,700,44.7883,23.4201,0.01
MountainCar-v0,ddqn_per,2,1,-200.0,,0.99
MountainCar-v0,ddqn_per,2,2,-195.5553,,0.9801
MountainCar-v0,ddqn_per,2,3,-200.0,,0.970299
MountainCar-v0,ddqn_per,2,4,-200.0,,0.960596
MountainCar-v0,ddqn_per,2,5,-156.9528,,0.95099
MountainCar-v0,ddqn_per,2,6,-200.0,,0.94148
MountainCar-v0,ddqn_per,2,7,-200.0,,0.932065
MountainCar-v0,ddqn_per,2,8,-200.0,,0.922745
MountainCar-v0,ddqn_per,2,9,-188.558,,0.913517
MountainCar-v0,ddqn_per,2,10,-193.5789,,0.904382
MountainCar-v0,ddqn_per,2,11,-200.0,,0.895338
MountainCar-v0,ddqn_per,2,12,-169.9566,,0.886385
MountainCar-v0,ddqn_per,2,13,-198.9551,,0.877521
MountainCar-v0,ddqn_per,2,14,-181.7362,,0.868746
MountainCar-v0,ddqn_per,2,15,-200.0,,0.860058
MountainCar-v0,ddqn_per,2,16,-173.3292,,0.851458
MountainCar-v0,ddqn_per,2,17,-186.2922,,0.842943
MountainCar-v0,ddqn_per,2,18,-191.6365,,0.834514
MountainCar-v0,ddqn_per,2,19,-184.4084,,0.826169
MountainCar-v0,ddqn_per,2,20,-200.0,,0.817907
MountainCar-v0,ddqn_per,2,21,-185.3009,,0.809728
MountainCar-v0,ddqn_per,2,22,-181.0217,,0.801631
MountainCar-v0,ddqn_per,2,23,-193.1685,,0.793614
MountainCar-v0,ddqn_per,2,24,-166.8999,,0.785678
MountainCar-v0,ddqn_per,2,25,-142.9978,,0.777821
MountainCar-v0,ddqn_per,2,26,-183.8317,,0.770043
MountainCar-v0,ddqn_per,2,27,-161.9027,,0.762343
MountainCar-v0,ddqn_per,2,28,-168.5634,,0.754719
MountainCar-v0,ddqn_per,2,29,-179.9484,,0.747172
MountainCar-v0,ddqn_per,2,30,-180.2073,,0.7397
MountainCar-v0,ddqn_per,2,31,-187.7877,,0.732303
MountainCar-v0,ddqn_per,2,32,-200.0,,0.72498
MountainCar-v0,ddqn_per,2,33,-190.6037,,0.717731
MountainCar-v0,ddqn_per,2,34,-147.9576,,0.710553
MountainCar-v0,ddqn_per,2,35,-180.5715,,0.703448
MountainCar-v0,ddqn_per,2,36,-156.2844,,0.696413
MountainCar-v0,ddqn_per,2,37,-169.7446,,0.689449
MountainCar-v0,ddqn_per,2,38,-154.4141,,0.682555
MountainCar-v0,ddqn_per,2,39,-156.7551,,0.675729
MountainCar-v0,ddqn_per,2,40,-175.5446,,0.668972
MountainCar-v0,ddqn_per,2,41,-197.9936,,0.662282
MountainCar-v0,ddqn_per,2,42,-200.0,,0.655659
MountainCar-v0,ddqn_per,2,43,-176.5668,,0.649103
MountainCar-v0,ddqn_per,2,44,-167.9814,,0.642612
MountainCar-v0,ddqn_per,2,45,-195.7039,,0.636185
MountainCar-v0,ddqn_per,2,46,-173.7734,,0.629824
MountainCar-v0,ddqn_per,2,47,-174.2955,,0.623525
MountainCar-v0,ddqn_per,2,48,-184.5909,,0.61729
MountainCar-v0,ddqn_per,2,49,-174.9656,,0.611117
MountainCar-v0,ddqn_per,2,50,-186.6799,-158.9823,0.605006
MountainCar-v0,ddqn_per,2,51,-181.6773,,0.598956
MountainCar-v0,ddqn_per,2,52,-152.9534,,0.592966
MountainCar-v0,ddqn_per,2,53,-123.7058,,0.587037
MountainCar-v0,ddqn_per,2,54,-200.0,,0.581166
MountainCar-v0,ddqn_per,2,55,-194.7352,,0.575355
MountainCar-v0,ddqn_per,2,56,-179.2892,,0.569601
MountainCar-v0,ddqn_per,2,57,-183.3098,,0.563905
MountainCar-v0,ddqn_per,2,58,-173.9961,,0.558266
MountainCar-v0,ddqn_per,2,59,-183.0943,,0.552683
MountainCar-v0,ddqn_per,2,60,-182.0525,,0.547157
MountainCar-v0,ddqn_per,2,61,-134.7652,,0.541685
MountainCar-v0,ddqn_per,2,62,-196.8929,,0.536268
MountainCar-v0,ddqn_per,2,63,-153.8395,,0.530906
MountainCar-v0,ddqn_per,2,64,-200.0,,0.525596
MountainCar-v0,ddqn_per,2,65,-193.33,,0.520341
MountainCar-v0,ddqn_per,2,66,-175.0309,,0.515137
MountainCar-v0,ddqn_per,2,67,-192.1534,,0.509986
MountainCar-v0,ddqn_per,2,68,-172.8597,,0.504886
MountainCar-v0,ddqn_per,2,69,-151.3955,,0.499837
MountainCar-v0,ddqn_per,2,70,-169.4914,,0.494839
MountainCar-v0,ddqn_per,2,71,-178.8687,,0.48989
MountainCar-v0,ddqn_per,2,72,-126.7477,,0.484991
MountainCar-v0,ddqn_per,2,73,-149.7624,,0.480141
MountainCar-v0,ddqn_per,2,74,-185.4674,,0.47534
MountainCar-v0,ddqn_per,2,75,-166.8873,,0.470587
MountainCar-v0,ddqn_per,2,76,-175.2579,,0.465881
MountainCar-v0,ddqn_per,2,77,-125.5484,,0.461222
MountainCar-v0,ddqn_per,2,78,-155.6173,,0.45661
MountainCar-v0,ddqn_per,2,79,-137.9783,,0.452044
MountainCar-v0,ddqn_per,2,80,-194.2091,,0.447523
MountainCar-v0,ddqn_per,2,81,-143.9967,,0.443048
MountainCar-v0,ddqn_per,2,82,-167.2827,,0.438618
MountainCar-v0,ddqn_per,2,83,-159.8613,,0.434231
MountainCar-v0,ddqn_per,2,84,-159.4359,,0.429889
MountainCar-v0,ddqn_per,2,85,-175.2147,,0.42559
MountainCar-v0,ddqn_per,2,86,-123.8619,,0.421334
MountainCar-v0,ddqn_per,2,87,-162.9704,,0.417121
MountainCar-v0,ddqn_per,2,88,-184.0462,,0.41295
MountainCar-v0,ddqn_per,2,89,-145.7119,,0.40882
MountainCar-v0,ddqn_per,2,90,-179.1899,,0.404732
MountainCar-v0,ddqn_per,2,91,-148.2386,,0.400685
MountainCar-v0,ddqn_per,2,92,-190.898,,0.396678
MountainCar-v0,ddqn_per,2,93,-167.678,,0.392711
MountainCar-v0,ddqn_per,2,94,-169.5048,,0.388784
MountainCar-v0,ddqn_per,2,95,-188.9046,,0.384896
MountainCar-v0,ddqn_per,2,96,-165.6795,,0.381047
MountainCar-v0,ddqn_per,2,97,-123.7519,,0.377237
MountainCar-v0,ddqn_per,2,98,-133.6258,,0.373464
MountainCar-v0,ddqn_per,2,99,-127.1305,,0.36973
MountainCar-v0,ddqn_per,2,100,-163.0536,-158.9823,0.366032
MountainCar-v0,ddqn_per,2,101,-178.2108,,0.362372
MountainCar-v0,ddqn_per,2,102,-150.7662,,0.358748
MountainCar-v0,ddqn_per,2,103,-170.901,,0.355161
MountainCar-v0,ddqn_per,2,104,-160.5246,,0.351609
MountainCar-v0,ddqn_per,2,105,-194.5085,,0.348093
MountainCar-v0,ddqn_per,2,106,-185.2204,,0.344612
MountainCar-v0,ddqn_per,2,107,-166.2382,,0.341166
MountainCar-v0,ddqn_per,2,108,-131.7223,,0.337754
MountainCar-v0,ddqn_per,2,109,-171.9189,,0.334377
MountainCar-v0,ddqn_per,2,110,-160.6353,,0.331033
MountainCar-v0,ddqn_per,2,111,-170.4532,,0.327723
MountainCar-v0,ddqn_per,2,112,-151.0019,,0.324446
MountainCar-v0,ddqn_per,2,113,-134.1899,,0.321201
MountainCar-v0,ddqn_per,2,114,-172.1442,,0.317989
MountainCar-v0,ddqn_per,2,115,-184.5721,,0.314809
MountainCar-v0,ddqn_per,2,116,-166.0389,,0.311661
MountainCar-v0,ddqn_per,2,117,-168.0844,,0.308544
MountainCar-v0,ddqn_per,2,118,-184.0903,,0.305459
MountainCar-v0,ddqn_per,2,119,-168.2242,,0.302404
MountainCar-v0,ddqn_per,2,120,-11.3971,,0.29938
MountainCar-v0,ddqn_per,2,121,-178.5207,,0.296387
MountainCar-v0,ddqn_per,2,122,-158.7844,,0.293423
MountainCar-v0,ddqn_per,2,123,-84.6104,,0.290488
MountainCar-v0,ddqn_per,2,124,-158.9279,,0.287584
MountainCar-v0,ddqn_per,2,125,-113.4021,,0.284708
MountainCar-v0,ddqn_per,2,126,-151.9387,,0.281861
MountainCar-v0,ddqn_per,2,127,-156.6372,,0.279042
MountainCar-v0,ddqn_per,2,128,-145.1352,,0.276252
MountainCar-v0,ddqn_per,2,129,-136.28,,0.273489
MountainCar-v0,ddqn_per,2,130,-166.1271,,0.270754
MountainCar-v0,ddqn_per,2,131,-124.0137,,0.268047
MountainCar-v0,ddqn_per,2,132,-180.4436,,0.265366
MountainCar-v0,ddqn_per,2,133,-143.9804,,0.262713
MountainCar-v0,ddqn_per,2,134,-171.9075,,0.260085
MountainCar-v0,ddqn_per,2,135,-170.2036,,0.257485
MountainCar-v0,ddqn_per,2,136,-150.2523,,0.25491
MountainCar-v0,ddqn_per,2,137,-65.3434,,0.252361
MountainCar-v0,ddqn_per,2,138,-165.6081,,0.249837
MountainCar-v0,ddqn_per,2,139,-194.6034,,0.247339
MountainCar-v0,ddqn_per,2,140,-165.8965,,0.244865
MountainCar-v0,ddqn_per,2,141,246.48,,0.242417
MountainCar-v0,ddqn_per,2,142,-168.4687,,0.239992
MountainCar-v0,ddqn_per,2,143,-151.7376,,0.237593
MountainCar-v0,ddqn_per,2,144,-165.0747,,0.235217
MountainCar-v0,ddqn_per,2,145,-149.3519,,0.232864
MountainCar-v0,ddqn_per,2,146,-91.4249,,0.230536
MountainCar-v0,ddqn_per,2,147,-179.13,,0.22823
MountainCar-v0,ddqn_per,2,148,-168.1687,,0.225948
MountainCar-v0,ddqn_per,2,149,-147.022,,0.223689
MountainCar-v0,ddqn_per,2,150,-164.9719,-158.9823,0.221452
MountainCar-v0,ddqn_per,2,151,-172.5906,,0.219237
MountainCar-v0,ddqn_per,2,152,-143.3771,,0.217045
MountainCar-v0,ddqn_per,2,153,-170.7595,,0.214874
MountainCar-v0,ddqn_per,2,154,-71.6028,,0.212726
MountainCar-v0,ddqn_per,2,155,-26.6167,,0.210598
MountainCar-v0,ddqn_per,2,156,-151.4341,,0.208492
MountainCar-v0,ddqn_per,2,157,-169.0181,,0.206408
MountainCar-v0,ddqn_per,2,158,-182.4877,,0.204343
MountainCar-v0,ddqn_per,2,159,-88.3265,,0.2023
MountainCar-v0,ddqn_per,2,160,-157.2088,,0.200277
MountainCar-v0,ddqn_per,2,161,-185.419,,0.198274
MountainCar-v0,ddqn_per,2,162,-54.3665,,0.196292
MountainCar-v0,ddqn_per,2,163,-163.9002,,0.194329
MountainCar-v0,ddqn_per,2,164,-131.0422,,0.192385
MountainCar-v0,ddqn_per,2,165,-147.3272,,0.190461
MountainCar-v0,ddqn_per,2,166,160.4017,,0.188557
MountainCar-v0,ddqn_per,2,167,-155.5751,,0.186671
MountainCar-v0,ddqn_per,2,168,-169.9678,,0.184805
MountainCar-v0,ddqn_per,2,169,-155.215,,0.182957
MountainCar-v0,ddqn_per,2,170,-106.381,,0.181127
MountainCar-v0,ddqn_per,2,171,-177.4417,,0.179316
MountainCar-v0,ddqn_per,2,172,-172.2333,,0.177523
MountainCar-v0,ddqn_per,2,173,-92.7043,,0.175747
MountainCar-v0,ddqn_per,2,174,-172.6914,,0.17399
MountainCar-v0,ddqn_per,2,175,-35.9227,,0.17225
MountainCar-v0,ddqn_per,2,176,-155.494,,0.170527
MountainCar-v0,ddqn_per,2,177,-131.0438,,0.168822
MountainCar-v0,ddqn_per,2,178,-136.9037,,0.167134
MountainCar-v0,ddqn_per,2,179,53.8849,,0.165463
MountainCar-v0,ddqn_per,2,180,-73.9684,,0.163808
MountainCar-v0,ddqn_per,2,181,-154.8734,,0.16217
MountainCar-v0,ddqn_per,2,182,-165.2817,,0.160548
MountainCar-v0,ddqn_per,2,183,46.5702,,0.158943
MountainCar-v0,ddqn_per,2,184,-149.2629,,0.157353
MountainCar-v0,ddqn_per,2,185,-66.6324,,0.15578
MountainCar-v0,ddqn_per,2,186,-96.698,,0.154222
MountainCar-v0,ddqn_per,2,187,116.1735,,0.15268
MountainCar-v0,ddqn_per,2,188,-161.2034,,0.151153
MountainCar-v0,ddqn_per,2,189,-149.9469,,0.149641
MountainCar-v0,ddqn_per,2,190,-148.2337,,0.148145
MountainCar-v0,ddqn_per,2,191,-161.3645,,0.146664
MountainCar-v0,ddqn_per,2,192,61.4366,,0.145197
MountainCar-v0,ddqn_per,2,193,90.9093,,0.143745
MountainCar-v0,ddqn_per,2,194,-130.9514,,0.142307
MountainCar-v0,ddqn_per,2,195,-180.8479,,0.140884
MountainCar-v0,ddqn_per,2,196,-142.2943,,0.139476
MountainCar-v0,ddqn_per,2,197,-179.574,,0.138081
MountainCar-v0,ddqn_per,2,198,-175.9217,,0.1367
MountainCar-v0,ddqn_per,2,199,-148.4688,,0.135333
MountainCar-v0,ddqn_per,2,200,-136.6179,-158.9823,0.13398
MountainCar-v0,ddqn_per,2,201,-162.8451,,0.13264
MountainCar-v0,ddqn_per,2,202,-148.6729,,0.131313
MountainCar-v0,ddqn_per,2,203,-159.009,,0.13
MountainCar-v0,ddqn_per,2,204,-142.8677,,0.1287
MountainCar-v0,ddqn_per,2,205,-167.4152,,0.127413
MountainCar-v0,ddqn_per,2,206,-146.2246,,0.126139
MountainCar-v0,ddqn_per,2,207,-95.465,,0.124878
MountainCar-v0,ddqn_per,2,208,-143.5717,,0.123629
MountainCar-v0,ddqn_per,2,209,-130.2631,,0.122393
MountainCar-v0,ddqn_per,2,210,-159.9765,,0.121169
MountainCar-v0,ddqn_per,2,211,-142.7958,,0.119957
MountainCar-v0,ddqn_per,2,212,-167.4243,,0.118758
MountainCar-v0,ddqn_per,2,213,-158.4233,,0.11757
MountainCar-v0,ddqn_per,2,214,72.8935,,0.116394
MountainCar-v0,ddqn_per,2,215,-167.4095,,0.11523
MountainCar-v0,ddqn_per,2,216,-163.8755,,0.114078
MountainCar-v0,ddqn_per,2,217,73.27,,0.112937
MountainCar-v0,ddqn_per,2,218,-60.6693,,0.111808
MountainCar-v0,ddqn_per,2,219,-182.2689,,0.11069
MountainCar-v0,ddqn_per,2,220,-153.6784,,0.109583
MountainCar-v0,ddqn_per,2,221,-165.6977,,0.108487
MountainCar-v0,ddqn_per,2,222,-151.6436,,0.107402
MountainCar-v0,ddqn_per,2,223,76.7092,,0.106328
MountainCar-v0,ddqn_per,2,224,-146.167,,0.105265
MountainCar-v0,ddqn_per,2,225,68.2631,,0.104212
MountainCar-v0,ddqn_per,2,226,82.0552,,0.10317
MountainCar-v0,ddqn_per,2,227,-133.3588,,0.102138
MountainCar-v0,ddqn_per,2,228,-151.4678,,0.101117
MountainCar-v0,ddqn_per,2,229,47.5075,,0.100106
MountainCar-v0,ddqn_per,2,230,-166.3356,,0.099105
MountainCar-v0,ddqn_per,2,231,-144.9636,,0.098114
MountainCar-v0,ddqn_per,2,232,50.5092,,0.097133
MountainCar-v0,ddqn_per,2,233,89.6859,,0.096161
MountainCar-v0,ddqn_per,2,234,95.793,,0.0952
MountainCar-v0,ddqn_per,2,235,58.2154,,0.094248
MountainCar-v0,ddqn_per,2,236,-139.7377,,0.093305
MountainCar-v0,ddqn_per,2,237,-162.8622,,0.092372
MountainCar-v0,ddqn_per,2,238,-0.5672,,0.091448
MountainCar-v0,ddqn_per,2,239,-156.7083,,0.090534
MountainCar-v0,ddqn_per,2,240,-140.9341,,0.089629
MountainCar-v0,ddqn_per,2,241,-134.0055,,0.088732
MountainCar-v0,ddqn_per,2,242,-164.1198,,0.087845
MountainCar-v0,ddqn_per,2,243,59.7252,,0.086967
MountainCar-v0,ddqn_per,2,244,-171.769,,0.086097
MountainCar-v0,ddqn_per,2,245,1.225,,0.085236
MountainCar-v0,ddqn_per,2,246,-35.7736,,0.084384
MountainCar-v0,ddqn_per,2,247,39.051,,0.08354
MountainCar-v0,ddqn_per,2,248,-131.6693,,0.082704
MountainCar-v0,ddqn_per,2,249,-1.8938,,0.081877
MountainCar-v0,ddqn_per,2,250,-142.5242,-158.9823,0.081059
MountainCar-v0,ddqn_per,2,251,-157.9066,,0.080248
MountainCar-v0,ddqn_per,2,252,59.0488,,0.079445
MountainCar-v0,ddqn_per,2,253,92.2223,,0.078651
MountainCar-v0,ddqn_per,2,254,109.1677,,0.077864
MountainCar-v0,ddqn_per,2,255,54.3995,,0.077086
MountainCar-v0,ddqn_per,2,256,-126.0347,,0.076315
MountainCar-v0,ddqn_per,2,257,-139.7814,,0.075552
MountainCar-v0,ddqn_per,2,258,48.6164,,0.074796
MountainCar-v0,ddqn_per,2,259,-163.0622,,0.074048
MountainCar-v0,ddqn_per,2,260,92.9546,,0.073308
MountainCar-v0,ddqn_per,2,261,-178.2883,,0.072575
MountainCar-v0,ddqn_per,2,262,-175.6022,,0.071849
MountainCar-v0,ddqn_per,2,263,127.4632,,0.071131
MountainCar-v0,ddqn_per,2,264,-166.9145,,0.070419
MountainCar-v0,ddqn_per,2,265,143.1245,,0.069715
MountainCar-v0,ddqn_per,2,266,-150.69,,0.069018
MountainCar-v0,ddqn_per,2,267,-172.0038,,0.068328
MountainCar-v0,ddqn_per,2,268,-135.6764,,0.067644
MountainCar-v0,ddqn_per,2,269,-160.947,,0.066968
MountainCar-v0,ddqn_per,2,270,54.5457,,0.066298
MountainCar-v0,ddqn_per,2,271,-164.4936,,0.065635
MountainCar-v0,ddqn_per,2,272,-164.5947,,0.064979
MountainCar-v0,ddqn_per,2,273,-162.4832,,0.064329
MountainCar-v0,ddqn_per,2,274,-131.4713,,0.063686
MountainCar-v0,ddqn_per,2,275,-115.5039,,0.063049
MountainCar-v0,ddqn_per,2,276,-119.6136,,0.062419
MountainCar-v0,ddqn_per,2,277,-146.8949,,0.061794
MountainCar-v0,ddqn_per,2,278,-146.6829,,0.061176
MountainCar-v0,ddqn_per,2,279,-127.6474,,0.060565
MountainCar-v0,ddqn_per,2,280,-45.7298,,0.059959
MountainCar-v0,ddqn_per,2,281,127.2724,,0.059359
MountainCar-v0,ddqn_per,2,282,104.3901,,0.058766
MountainCar-v0,ddqn_per,2,283,-144.7278,,0.058178
MountainCar-v0,ddqn_per,2,284,-138.5579,,0.057596
MountainCar-v0,ddqn_per,2,285,-168.8202,,0.05702
MountainCar-v0,ddqn_per,2,286,63.6871,,0.05645
MountainCar-v0,ddqn_per,2,287,47.7119,,0.055886
MountainCar-v0,ddqn_per,2,288,80.3936,,0.055327
MountainCar-v0,ddqn_per,2,289,-145.3668,,0.054774
MountainCar-v0,ddqn_per,2,290,74.308,,0.054226
MountainCar-v0,ddqn_per,2,291,65.432,,0.053684
MountainCar-v0,ddqn_per,2,292,93.8339,,0.053147
MountainCar-v0,ddqn_per,2,293,-6.6015,,0.052615
MountainCar-v0,ddqn_per,2,294,-179.6669,,0.052089
MountainCar-v0,ddqn_per,2,295,-135.6899,,0.051568
MountainCar-v0,ddqn_per,2,296,-55.0072,,0.051053
MountainCar-v0,ddqn_per,2,297,-150.3328,,0.050542
MountainCar-v0,ddqn_per,2,298,-163.2568,,0.050037
MountainCar-v0,ddqn_per,2,299,45.3255,,0.049536
MountainCar-v0,ddqn_per,2,300,-147.6968,-158.9823,0.049041
MountainCar-v0,ddqn_per,2,301,-165.002,,0.04855
MountainCar-v0,ddqn_per,2,302,-167.4399,,0.048065
MountainCar-v0,ddqn_per,2,303,-10.1396,,0.047584
MountainCar-v0,ddqn_per,2,304,-168.1508,,0.047108
MountainCar-v0,ddqn_per,2,305,150.6566,,0.046637
MountainCar-v0,ddqn_per,2,306,-148.3723,,0.046171
MountainCar-v0,ddqn_per,2,307,85.5449,,0.045709
MountainCar-v0,ddqn_per,2,308,-153.2689,,0.045252
MountainCar-v0,ddqn_per,2,309,-149.3031,,0.0448
MountainCar-v0,ddqn_per,2,310,-168.2231,,0.044352
MountainCar-v0,ddqn_per,2,311,-31.4578,,0.043908
MountainCar-v0,ddqn_per,2,312,16.5617,,0.043469
MountainCar-v0,ddqn_per,2,313,155.9344,,0.043034
MountainCar-v0,ddqn_per,2,314,162.9637,,0.042604
MountainCar-v0,ddqn_per,2,315,70.5328,,0.042178
MountainCar-v0,ddqn_per,2,316,-168.53,,0.041756
MountainCar-v0,ddqn_per,2,317,-141.5036,,0.041339
MountainCar-v0,ddqn_per,2,318,-164.2547,,0.040925
MountainCar-v0,ddqn_per,2,319,-146.693,,0.040516
MountainCar-v0,ddqn_per,2,320,60.8985,,0.040111
MountainCar-v0,ddqn_per,2,321,206.94,,0.03971
MountainCar-v0,ddqn_per,2,322,9.28,,0.039313
MountainCar-v0,ddqn_per,2,323,215.0235,,0.03892
MountainCar-v0,ddqn_per,2,324,-130.9256,,0.03853
MountainCar-v0,ddqn_per,2,325,-133.9603,,0.038145
MountainCar-v0,ddqn_per,2,326,-146.4159,,0.037764
MountainCar-v0,ddqn_per,2,327,-78.6254,,0.037386
MountainCar-v0,ddqn_per,2,328,-145.8573,,0.037012
MountainCar-v0,ddqn_per,2,329,-31.9573,,0.036642
MountainCar-v0,ddqn_per,2,330,-152.8612,,0.036276
MountainCar-v0,ddqn_per,2,331,-170.9602,,0.035913
MountainCar-v0,ddqn_per,2,332,146.2234,,0.035554
MountainCar-v0,ddqn_per,2,333,46.9244,,0.035198
MountainCar-v0,ddqn_per,2,334,-147.6769,,0.034846
MountainCar-v0,ddqn_per,2,335,-174.9381,,0.034498
MountainCar-v0,ddqn_per,2,336,92.0372,,0.034153
MountainCar-v0,ddqn_per,2,337,-58.0038,,0.033811
MountainCar-v0,ddqn_per,2,338,118.852,,0.033473
MountainCar-v0,ddqn_per,2,339,-165.1571,,0.033138
MountainCar-v0,ddqn_per,2,340,55.5922,,0.032807
MountainCar-v0,ddqn_per,2,341,63.5479,,0.032479
MountainCar-v0,ddqn_per,2,342,-137.7634,,0.032154
MountainCar-v0,ddqn_per,2,343,45.3161,,0.031833
MountainCar-v0,ddqn_per,2,344,-168.0554,,0.031514
MountainCar-v0,ddqn_per,2,345,35.4073,,0.031199
MountainCar-v0,ddqn_per,2,346,168.2635,,0.030887
MountainCar-v0,ddqn_per,2,347,95.9275,,0.030578
MountainCar-v0,ddqn_per,2,348,129.1062,,0.030272
MountainCar-v0,ddqn_per,2,349,81.1454,,0.02997
MountainCar-v0,ddqn_per,2,350,-168.8141,91.5565,0.02967
MountainCar-v0,ddqn_per,2,351,123.5288,,0.029373
MountainCar-v0,ddqn_per,2,352,32.6534,,0.02908
MountainCar-v0,ddqn_per,2,353,-168.3355,,0.028789
MountainCar-v0,ddqn_per,2,354,117.902,,0.028501
MountainCar-v0,ddqn_per,2,355,42.9355,,0.028216
MountainCar-v0,ddqn_per,2,356,81.3845,,0.027934
MountainCar-v0,ddqn_per,2,357,78.2605,,0.027654
MountainCar-v0,ddqn_per,2,358,-160.3343,,0.027378
MountainCar-v0,ddqn_per,2,359,71.3581,,0.027104
MountainCar-v0,ddqn_per,2,360,21.9201,,0.026833
MountainCar-v0,ddqn_per,2,361,-168.2685,,0.026565
MountainCar-v0,ddqn_per,2,362,39.5891,,0.026299
MountainCar-v0,ddqn_per,2,363,119.5017,,0.026036
MountainCar-v0,ddqn_per,2,364,-126.4646,,0.025776
MountainCar-v0,ddqn_per,2,365,45.2747,,0.025518
MountainCar-v0,ddqn_per,2,366,154.939,,0.025263
MountainCar-v0,ddqn_per,2,367,69.5216,,0.02501
MountainCar-v0,ddqn_per,2,368,-129.8308,,0.02476
MountainCar-v0,ddqn_per,2,369,69.5617,,0.024512
MountainCar-v0,ddqn_per,2,370,79.2865,,0.024267
MountainCar-v0,ddqn_per,2,371,414.7082,,0.024025
MountainCar-v0,ddqn_per,2,372,-126.1686,,0.023784
MountainCar-v0,ddqn_per,2,373,43.0827,,0.023547
MountainCar-v0,ddqn_per,2,374,71.0229,,0.023311
MountainCar-v0,ddqn_per,2,375,58.1504,,0.023078
MountainCar-v0,ddqn_per,2,376,-166.1784,,0.022847
MountainCar-v0,ddqn_per,2,377,69.2221,,0.022619
MountainCar-v0,ddqn_per,2,378,51.2774,,0.022393
MountainCar-v0,ddqn_per,2,379,124.2562,,0.022169
MountainCar-v0,ddqn_per,2,380,27.9283,,0.021947
MountainCar-v0,ddqn_per,2,381,19.5055,,0.021727
MountainCar-v0,ddqn_per,2,382,58.2476,,0.02151
MountainCar-v0,ddqn_per,2,383,27.2946,,0.021295
MountainCar-v0,ddqn_per,2,384,-168.5516,,0.021082
MountainCar-v0,ddqn_per,2,385,33.518,,0.020871
MountainCar-v0,ddqn_per,2,386,73.3912,,0.020663
MountainCar-v0,ddqn_per,2,387,30.8686,,0.020456
MountainCar-v0,ddqn_per,2,388,-167.9011,,0.020251
MountainCar-v0,ddqn_per,2,389,39.5243,,0.020049
MountainCar-v0,ddqn_per,2,390,35.6191,,0.019848
MountainCar-v0,ddqn_per,2,391,-156.0643,,0.01965
MountainCar-v0,ddqn_per,2,392,-156.6038,,0.019453
MountainCar-v0,ddqn_per,2,393,52.3921,,0.019259
MountainCar-v0,ddqn_per,2,394,135.2575,,0.019066
MountainCar-v0,ddqn_per,2,395,24.2371,,0.018876
MountainCar-v0,ddqn_per,2,396,81.9233,,0.018687
MountainCar-v0,ddqn_per,2,397,-12.4464,,0.0185
MountainCar-v0,ddqn_per,2,398,-89.4322,,0.018315
MountainCar-v0,ddqn_per,2,399,-169.0817,,0.018132
MountainCar-v0,ddqn_per,2,400,-167.2476,-158.9823,0.017951
MountainCar-v0,ddqn_per,2,401,22.1952,,0.017771
MountainCar-v0,ddqn_per,2,402,56.9185,,0.017593
MountainCar-v0,ddqn_per,2,403,36.7936,,0.017417
MountainCar-v0,ddqn_per,2,404,139.4127,,0.017243
MountainCar-v0,ddqn_per,2,405,55.1294,,0.017071
MountainCar-v0,ddqn_per,2,406,-11.4181,,0.0169
MountainCar-v0,ddqn_per,2,407,-146.8869,,0.016731
MountainCar-v0,ddqn_per,2,408,28.8341,,0.016564
MountainCar-v0,ddqn_per,2,409,39.432,,0.016398
MountainCar-v0,ddqn_per,2,410,61.2622,,0.016234
MountainCar-v0,ddqn_per,2,411,37.3631,,0.016072
MountainCar-v0,ddqn_per,2,412,127.9137,,0.015911
MountainCar-v0,ddqn_per,2,413,89.1628,,0.015752
MountainCar-v0,ddqn_per,2,414,-169.0131,,0.015594
MountainCar-v0,ddqn_per,2,415,43.8472,,0.015439
MountainCar-v0,ddqn_per,2,416,29.8269,,0.015284
MountainCar-v0,ddqn_per,2,417,26.8449,,0.015131
MountainCar-v0,ddqn_per,2,418,84.228,,0.01498
MountainCar-v0,ddqn_per,2,419,67.5338,,0.01483
MountainCar-v0,ddqn_per,2,420,18.7244,,0.014682
MountainCar-v0,ddqn_per,2,421,77.0018,,0.014535
MountainCar-v0,ddqn_per,2,422,88.6928,,0.01439
MountainCar-v0,ddqn_per,2,423,100.1762,,0.014246
MountainCar-v0,ddqn_per,2,424,81.0581,,0.014103
MountainCar-v0,ddqn_per,2,425,-155.1178,,0.013962
MountainCar-v0,ddqn_per,2,426,81.2281,,0.013823
MountainCar-v0,ddqn_per,2,427,32.4048,,0.013684
MountainCar-v0,ddqn_per,2,428,-165.0906,,0.013548
MountainCar-v0,ddqn_per,2,429,-161.0567,,0.013412
MountainCar-v0,ddqn_per,2,430,43.8817,,0.013278
MountainCar-v0,ddqn_per,2,431,29.5243,,0.013145
MountainCar-v0,ddqn_per,2,432,-167.9865,,0.013014
MountainCar-v0,ddqn_per,2,433,38.0394,,0.012884
MountainCar-v0,ddqn_per,2,434,39.651,,0.012755
MountainCar-v0,ddqn_per,2,435,22.659,,0.012627
MountainCar-v0,ddqn_per,2,436,30.261,,0.012501
MountainCar-v0,ddqn_per,2,437,156.6521,,0.012376
MountainCar-v0,ddqn_per,2,438,33.8479,,0.012252
MountainCar-v0,ddqn_per,2,439,31.0899,,0.01213
MountainCar-v0,ddqn_per,2,440,43.3116,,0.012008
MountainCar-v0,ddqn_per,2,441,31.5944,,0.011888
MountainCar-v0,ddqn_per,2,442,40.9781,,0.011769
MountainCar-v0,ddqn_per,2,443,73.2063,,0.011652
MountainCar-v0,ddqn_per,2,444,43.1675,,0.011535
MountainCar-v0,ddqn_per,2,445,46.1395,,0.01142
MountainCar-v0,ddqn_per,2,446,204.6585,,0.011306
MountainCar-v0,ddqn_per,2,447,37.8135,,0.011193
MountainCar-v0,ddqn_per,2,448,27.4503,,0.011081
MountainCar-v0,ddqn_per,2,449,40.7869,,0.01097
MountainCar-v0,ddqn_per,2,450,31.3727,33.8082,0.01086
MountainCar-v0,ddqn_per,2,451,156.1089,,0.010752
MountainCar-v0,ddqn_per,2,452,46.1577,,0.010644
MountainCar-v0,ddqn_per,2,453,48.9066,,0.010538
MountainCar-v0,ddqn_per,2,454,-14.6992,,0.010432
MountainCar-v0,ddqn_per,2,455,31.3028,,0.010328
MountainCar-v0,ddqn_per,2,456,184.332,,0.010225
MountainCar-v0,ddqn_per,2,457,33.7711,,0.010122
MountainCar-v0,ddqn_per,2,458,84.5739,,0.010021
MountainCar-v0,ddqn_per,2,459,50.1579,,0.01
MountainCar-v0,ddqn_per,2,460,33.4257,,0.01
MountainCar-v0,ddqn_per,2,461,37.9583,,0.01
MountainCar-v0,ddqn_per,2,462,103.933,,0.01
MountainCar-v0,ddqn_per,2,463,488.1738,,0.01
MountainCar-v0,ddqn_per,2,464,35.911,,0.01
MountainCar-v0,ddqn_per,2,465,35.1444,,0.01
MountainCar-v0,ddqn_per,2,466,26.0414,,0.01
MountainCar-v0,ddqn_per,2,467,69.5453,,0.01
MountainCar-v0,ddqn_per,2,468,44.5293,,0.01
MountainCar-v0,ddqn_per,2,469,177.2698,,0.01
MountainCar-v0,ddqn_per,2,470,54.0475,,0.01
MountainCar-v0,ddqn_per,2,471,65.7707,,0.01
MountainCar-v0,ddqn_per,2,472,52.3158,,0.01
MountainCar-v0,ddqn_per,2,473,25.342,,0.01
MountainCar-v0,ddqn_per,2,474,123.2892,,0.01
MountainCar-v0,ddqn_per,2,475,9.7176,,0.01
MountainCar-v0,ddqn_per,2,476,5.1315,,0.01
MountainCar-v0,ddqn_per,2,477,55.011,,0.01
MountainCar-v0,ddqn_per,2,478,-1.7998,,0.01
MountainCar-v0,ddqn_per,2,479,20.3216,,0.01
MountainCar-v0,ddqn_per,2,480,61.8792,,0.01
MountainCar-v0,ddqn_per,2,481,24.6523,,0.01
MountainCar-v0,ddqn_per,2,482,51.3637,,0.01
MountainCar-v0,ddqn_per,2,483,11.3589,,0.01
MountainCar-v0,ddqn_per,2,484,30.6056,,0.01
MountainCar-v0,ddqn_per,2,485,48.9249,,0.01
MountainCar-v0,ddqn_per,2,486,24.7291,,0.01
MountainCar-v0,ddqn_per,2,487,27.8276,,0.01
MountainCar-v0,ddqn_per,2,488,66.641,,0.01
MountainCar-v0,ddqn_per,2,489,61.0528,,0.01
MountainCar-v0,ddqn_per,2,490,19.0254,,0.01
MountainCar-v0,ddqn_per,2,491,146.5371,,0.01
MountainCar-v0,ddqn_per,2,492,136.4354,,0.01
MountainCar-v0,ddqn_per,2,493,-16.283,,0.01
MountainCar-v0,ddqn_per,2,494,132.881,,0.01
MountainCar-v0,ddqn_per,2,495,16.9444,,0.01
MountainCar-v0,ddqn_per,2,496,93.7771,,0.01
MountainCar-v0,ddqn_per,2,497,15.934,,0.01
MountainCar-v0,ddqn_per,2,498,-17.721,,0.01
MountainCar-v0,ddqn_per,2,499,187.1126,,0.01
MountainCar-v0,ddqn_per,2,500,14.1005,28.759,0.01
MountainCar-v0,ddqn_per,2,501,142.2917,,0.01
MountainCar-v0,ddqn_per,2,502,50.7795,,0.01
MountainCar-v0,ddqn_per,2,503,132.7563,,0.01
MountainCar-v0,ddqn_per,2,504,38.1501,,0.01
MountainCar-v0,ddqn_per,2,505,39.9232,,0.01
MountainCar-v0,ddqn_per,2,506,89.7902,,0.01
MountainCar-v0,ddqn_per,2,507,131.6104,,0.01
MountainCar-v0,ddqn_per,2,508,48.0391,,0.01
MountainCar-v0,ddqn_per,2,509,59.1598,,0.01
MountainCar-v0,ddqn_per,2,510,183.3629,,0.01
MountainCar-v0,ddqn_per,2,511,28.8217,,0.01
MountainCar-v0,ddqn_per,2,512,231.9936,,0.01
MountainCar-v0,ddqn_per,2,513,43.143,,0.01
MountainCar-v0,ddqn_per,2,514,89.3734,,0.01
MountainCar-v0,ddqn_per,2,515,41.9838,,0.01
MountainCar-v0,ddqn_per,2,516,24.1929,,0.01
MountainCar-v0,ddqn_per,2,517,43.6377,,0.01
MountainCar-v0,ddqn_per,2,518,74.3719,,0.01
MountainCar-v0,ddqn_per,2,519,33.5402,,0.01
MountainCar-v0,ddqn_per,2,520,59.7591,,0.01
MountainCar-v0,ddqn_per,2,521,41.5833,,0.01
MountainCar-v0,ddqn_per,2,522,40.0304,,0.01
MountainCar-v0,ddqn_per,2,523,49.8632,,0.01
MountainCar-v0,ddqn_per,2,524,37.8869,,0.01
MountainCar-v0,ddqn_per,2,525,43.8279,,0.01
MountainCar-v0,ddqn_per,2,526,19.7895,,0.01
MountainCar-v0,ddqn_per,2,527,20.9855,,0.01
MountainCar-v0,ddqn_per,2,528,18.4661,,0.01
MountainCar-v0,ddqn_per,2,529,18.9734,,0.01
MountainCar-v0,ddqn_per,2,530,27.0252,,0.01
MountainCar-v0,ddqn_per,2,531,32.2296,,0.01
MountainCar-v0,ddqn_per,2,532,33.7076,,0.01
MountainCar-v0,ddqn_per,2,533,34.194,,0.01
MountainCar-v0,ddqn_per,2,534,46.669,,0.01
MountainCar-v0,ddqn_per,2,535,182.5553,,0.01
MountainCar-v0,ddqn_per,2,536,21.6706,,0.01
MountainCar-v0,ddqn_per,2,537,58.846,,0.01
MountainCar-v0,ddqn_per,2,538,153.0457,,0.01
MountainCar-v0,ddqn_per,2,539,27.3773,,0.01
MountainCar-v0,ddqn_per,2,540,28.9892,,0.01
MountainCar-v0,ddqn_per,2,541,27.9761,,0.01
MountainCar-v0,ddqn_per,2,542,29.6273,,0.01
MountainCar-v0,ddqn_per,2,543,32.4861,,0.01
MountainCar-v0,ddqn_per,2,544,45.3961,,0.01
MountainCar-v0,ddqn_per,2,545,36.0675,,0.01
MountainCar-v0,ddqn_per,2,546,24.7069,,0.01
MountainCar-v0,ddqn_per,2,547,27.648,,0.01
MountainCar-v0,ddqn_per,2,548,50.1819,,0.01
MountainCar-v0,ddqn_per,2,549,62.5877,,0.01
MountainCar-v0,ddqn_per,2,550,14.7503,32.291,0.01
MountainCar-v0,ddqn_per,2,551,14.6274,,0.01
MountainCar-v0,ddqn_per,2,552,45.6015,,0.01
MountainCar-v0,ddqn_per,2,553,23.4915,,0.01
MountainCar-v0,ddqn_per,2,554,32.8521,,0.01
MountainCar-v0,ddqn_per,2,555,42.7639,,0.01
MountainCar-v0,ddqn_per,2,556,37.1267,,0.01
MountainCar-v0,ddqn_per,2,557,33.3703,,0.01
MountainCar-v0,ddqn_per,2,558,59.4847,,0.01
MountainCar-v0,ddqn_per,2,559,63.3001,,0.01
MountainCar-v0,ddqn_per,2,560,40.3622,,0.01
MountainCar-v0,ddqn_per,2,561,51.5727,,0.01
MountainCar-v0,ddqn_per,2,562,51.2208,,0.01
MountainCar-v0,ddqn_per,2,563,51.594,,0.01
MountainCar-v0,ddqn_per,2,564,28.6491,,0.01
MountainCar-v0,ddqn_per,2,565,38.0122,,0.01
MountainCar-v0,ddqn_per,2,566,33.6956,,0.01
MountainCar-v0,ddqn_per,2,567,49.0176,,0.01
MountainCar-v0,ddqn_per,2,568,48.2465,,0.01
MountainCar-v0,ddqn_per,2,569,34.5139,,0.01
MountainCar-v0,ddqn_per,2,570,31.2945,,0.01
MountainCar-v0,ddqn_per,2,571,5.5789,,0.01
MountainCar-v0,ddqn_per,2,572,34.0631,,0.01
MountainCar-v0,ddqn_per,2,573,-8.3986,,0.01
MountainCar-v0,ddqn_per,2,574,52.5262,,0.01
MountainCar-v0,ddqn_per,2,575,53.992,,0.01
MountainCar-v0,ddqn_per,2,576,7.4809,,0.01
MountainCar-v0,ddqn_per,2,577,48.5494,,0.01
MountainCar-v0,ddqn_per,2,578,55.8713,,0.01
MountainCar-v0,ddqn_per,2,579,59.2571,,0.01
MountainCar-v0,ddqn_per,2,580,44.0249,,0.01
MountainCar-v0,ddqn_per,2,581,6.1938,,0.01
MountainCar-v0,ddqn_per,2,582,39.5561,,0.01
MountainCar-v0,ddqn_per,2,583,45.9636,,0.01
MountainCar-v0,ddqn_per,2,584,54.0869,,0.01
MountainCar-v0,ddqn_per,2,585,45.3956,,0.01
MountainCar-v0,ddqn_per,2,586,47.6337,,0.01
MountainCar-v0,ddqn_per,2,587,57.9772,,0.01
MountainCar-v0,ddqn_per,2,588,68.7296,,0.01
MountainCar-v0,ddqn_per,2,589,49.0949,,0.01
MountainCar-v0,ddqn_per,2,590,44.9423,,0.01
MountainCar-v0,ddqn_per,2,591,27.7609,,0.01
MountainCar-v0,ddqn_per,2,592,34.2338,,0.01
MountainCar-v0,ddqn_per,2,593,42.656,,0.01
MountainCar-v0,ddqn_per,2,594,49.3766,,0.01
MountainCar-v0,ddqn_per,2,595,47.5538,,0.01
MountainCar-v0,ddqn_per,2,596,51.9495,,0.01
MountainCar-v0,ddqn_per,2,597,59.5862,,0.01
MountainCar-v0,ddqn_per,2,598,54.3587,,0.01
MountainCar-v0,ddqn_per,2,599,59.2347,,0.01
MountainCar-v0,ddqn_per,2,600,64.4724,44.2157,0.01
MountainCar-v0,ddqn_per,2,601,32.2233,,0.01
MountainCar-v0,ddqn_per,2,602,61.3108,,0.01
MountainCar-v0,ddqn_per,2,603,50.0746,,0.01
MountainCar-v0,ddqn_per,2,604,47.6248,,0.01
MountainCar-v0,ddqn_per,2,605,48.4008,,0.01
MountainCar-v0,ddqn_per,2,606,44.8548,,0.01
MountainCar-v0,ddqn_per,2,607,31.4994,,0.01
MountainCar-v0,ddqn_per,2,608,52.0862,,0.01
MountainCar-v0,ddqn_per,2,609,42.6173,,0.01
MountainCar-v0,ddqn_per,2,610,36.2992,,0.01
MountainCar-v0,ddqn_per,2,611,37.2106,,0.01
MountainCar-v0,ddqn_per,2,612,47.9951,,0.01
MountainCar-v0,ddqn_per,2,613,37.5691,,0.01
MountainCar-v0,ddqn_per,2,614,41.9473,,0.01
MountainCar-v0,ddqn_per,2,615,42.3876,,0.01
MountainCar-v0,ddqn_per,2,616,56.9665,,0.01
MountainCar-v0,ddqn_per,2,617,49.3558,,0.01
MountainCar-v0,ddqn_per,2,618,38.8964,,0.01
MountainCar-v0,ddqn_per,2,619,36.9787,,0.01
MountainCar-v0,ddqn_per,2,620,33.4898,,0.01
MountainCar-v0,ddqn_per,2,621,40.3727,,0.01
MountainCar-v0,ddqn_per,2,622,52.6044,,0.01
MountainCar-v0,ddqn_per,2,623,55.9974,,0.01
MountainCar-v0,ddqn_per,2,624,46.7956,,0.01
MountainCar-v0,ddqn_per,2,625,27.3183,,0.01
MountainCar-v0,ddqn_per,2,626,31.5623,,0.01
MountainCar-v0,ddqn_per,2,627,42.2314,,0.01
MountainCar-v0,ddqn_per,2,628,35.3151,,0.01
MountainCar-v0,ddqn_per,2,629,37.5306,,0.01
MountainCar-v0,ddqn_per,2,630,35.7632,,0.01
MountainCar-v0,ddqn_per,2,631,27.1509,,0.01
MountainCar-v0,ddqn_per,2,632,36.3632,,0.01
MountainCar-v0,ddqn_per,2,633,35.0801,,0.01
MountainCar-v0,ddqn_per,2,634,48.4261,,0.01
MountainCar-v0,ddqn_per,2,635,29.3868,,0.01
MountainCar-v0,ddqn_per,2,636,33.3841,,0.01
MountainCar-v0,ddqn_per,2,637,38.0455,,0.01
MountainCar-v0,ddqn_per,2,638,31.9594,,0.01
MountainCar-v0,ddqn_per,2,639,34.9577,,0.01
MountainCar-v0,ddqn_per,2,640,44.5048,,0.01
MountainCar-v0,ddqn_per,2,641,19.175,,0.01
MountainCar-v0,ddqn_per,2,642,40.9674,,0.01
MountainCar-v0,ddqn_per,2,643,35.9066,,0.01
MountainCar-v0,ddqn_per,2,644,45.891,,0.01
MountainCar-v0,ddqn_per,2,645,40.6379,,0.01
MountainCar-v0,ddqn_per,2,646,57.6475,,0.01
MountainCar-v0,ddqn_per,2,647,55.7791,,0.01
MountainCar-v0,ddqn_per,2,648,30.4936,,0.01
MountainCar-v0,ddqn_per,2,649,45.8145,,0.01
MountainCar-v0,ddqn_per,2,650,29.709,37.1318,0.01
MountainCar-v0,ddqn_per,2,651,25.7547,,0.01
MountainCar-v0,ddqn_per,2,652,47.3903,,0.01
MountainCar-v0,ddqn_per,2,653,38.2244,,0.01
MountainCar-v0,ddqn_per,2,654,26.9009,,0.01
MountainCar-v0,ddqn_per,2,655,28.6182,,0.01
MountainCar-v0,ddqn_per,2,656,25.2846,,0.01
MountainCar-v0,ddqn_per,2,657,32.1997,,0.01
MountainCar-v0,ddqn_per,2,658,42.1371,,0.01
MountainCar-v0,ddqn_per,2,659,39.8015,,0.01
MountainCar-v0,ddqn_per,2,660,40.7005,,0.01
MountainCar-v0,ddqn_per,2,661,37.2371,,0.01
MountainCar-v0,ddqn_per,2,662,41.8716,,0.01
MountainCar-v0,ddqn_per,2,663,38.0603,,0.01
MountainCar-v0,ddqn_per,2,664,30.1248,,0.01
MountainCar-v0,ddqn_per,2,665,43.1998,,0.01
MountainCar-v0,ddqn_per,2,666,38.6172,,0.01
MountainCar-v0,ddqn_per,2,667,39.7966,,0.01
MountainCar-v0,ddqn_per,2,668,39.7571,,0.01
MountainCar-v0,ddqn_per,2,669,30.2775,,0.01
MountainCar-v0,ddqn_per,2,670,31.2119,,0.01
MountainCar-v0,ddqn_per,2,671,27.1253,,0.01
MountainCar-v0,ddqn_per,2,672,47.0811,,0.01
MountainCar-v0,ddqn_per,2,673,39.5483,,0.01
MountainCar-v0,ddqn_per,2,674,33.4263,,0.01
MountainCar-v0,ddqn_per,2,675,51.721,,0.01
MountainCar-v0,ddqn_per,2,676,31.8003,,0.01
MountainCar-v0,ddqn_per,2,677,34.5191,,0.01
MountainCar-v0,ddqn_per,2,678,56.3954,,0.01
MountainCar-v0,ddqn_per,2,679,62.3363,,0.01
MountainCar-v0,ddqn_per,2,680,49.9839,,0.01
MountainCar-v0,ddqn_per,2,681,49.9322,,0.01
MountainCar-v0,ddqn_per,2,682,29.2797,,0.01
MountainCar-v0,ddqn_per,2,683,42.2522,,0.01
MountainCar-v0,ddqn_per,2,684,36.895,,0.01
MountainCar-v0,ddqn_per,2,685,50.7729,,0.01
MountainCar-v0,ddqn_per,2,686,54.7042,,0.01
MountainCar-v0,ddqn_per,2,687,40.7075,,0.01
MountainCar-v0,ddqn_per,2,688,49.5052,,0.01
MountainCar-v0,ddqn_per,2,689,66.7782,,0.01
MountainCar-v0,ddqn_per,2,690,47.5181,,0.01
MountainCar-v0,ddqn_per,2,691,38.5524,,0.01
MountainCar-v0,ddqn_per,2,692,58.6639,,0.01
MountainCar-v0,ddqn_per,2,693,44.3261,,0.01
MountainCar-v0,ddqn_per,2,694,-90.4082,,0.01
MountainCar-v0,ddqn_per,2,695,88.0749,,0.01
MountainCar-v0,ddqn_per,2,696,51.8828,,0.01
MountainCar-v0,ddqn_per,2,697,81.298,,0.01
MountainCar-v0,ddqn_per,2,698,60.4744,,0.01
MountainCar-v0,ddqn_per,2,699,41.1047,,0.01
MountainCar-v0,ddqn_per,2,700,68.9708,54.1299,0.01
