environment,algorithm,seed,episode,train_reward,eval_reward
CartPole-v1,ppo,0,1,16.0,
CartPole-v1,ppo,0,2,20.0,
CartPole-v1,ppo,0,3,36.0,
CartPole-v1,ppo,0,4,21.0,
CartPole-v1,ppo,0,5,26.0,
CartPole-v1,ppo,0,6,22.0,
CartPole-v1,ppo,0,7,24.0,
CartPole-v1,ppo,0,8,15.0,
CartPole-v1,ppo,0,9,16.0,
CartPole-v1,ppo,0,10,34.0,
CartPole-v1,ppo,0,11,22.0,
CartPole-v1,ppo,0,12,13.0,
CartPole-v1,ppo,0,13,13.0,
CartPole-v1,ppo,0,14,23.0,
CartPole-v1,ppo,0,15,47.0,
CartPole-v1,ppo,0,16,63.0,
CartPole-v1,ppo,0,17,16.0,
CartPole-v1,ppo,0,18,18.0,
CartPole-v1,ppo,0,19,15.0,
CartPole-v1,ppo,0,20,15.0,42.8
CartPole-v1,ppo,0,21,19.0,
CartPole-v1,ppo,0,22,10.0,
CartPole-v1,ppo,0,23,19.0,
CartPole-v1,ppo,0,24,29.0,
CartPole-v1,ppo,0,25,45.0,
CartPole-v1,ppo,0,26,19.0,
CartPole-v1,ppo,0,27,41.0,
CartPole-v1,ppo,0,28,32.0,
CartPole-v1,ppo,0,29,61.0,
CartPole-v1,ppo,0,30,36.0,
CartPole-v1,ppo,0,31,11.0,
CartPole-v1,ppo,0,32,20.0,
CartPole-v1,ppo,0,33,15.0,
CartPole-v1,ppo,0,34,20.0,
CartPole-v1,ppo,0,35,48.0,
CartPole-v1,ppo,0,36,25.0,
CartPole-v1,ppo,0,37,14.0,
CartPole-v1,ppo,0,38,37.0,
CartPole-v1,ppo,0,39,24.0,
CartPole-v1,ppo,0,40,18.0,42.4
CartPole-v1,ppo,0,41,24.0,
CartPole-v1,ppo,0,42,30.0,
CartPole-v1,ppo,0,43,13.0,
CartPole-v1,ppo,0,44,69.0,
CartPole-v1,ppo,0,45,16.0,
CartPole-v1,ppo,0,46,29.0,
CartPole-v1,ppo,0,47,81.0,
CartPole-v1,ppo,0,48,15.0,
CartPole-v1,ppo,0,49,46.0,
CartPole-v1,ppo,0,50,35.0,
CartPole-v1,ppo,0,51,30.0,
CartPole-v1,ppo,0,52,11.0,
CartPole-v1,ppo,0,53,40.0,
CartPole-v1,ppo,0,54,23.0,
CartPole-v1,ppo,0,55,22.0,
CartPole-v1,ppo,0,56,25.0,
CartPole-v1,ppo,0,57,28.0,
CartPole-v1,ppo,0,58,15.0,
CartPole-v1,ppo,0,59,24.0,
CartPole-v1,ppo,0,60,39.0,109.2
CartPole-v1,ppo,0,61,24.0,
CartPole-v1,ppo,0,62,54.0,
CartPole-v1,ppo,0,63,15.0,
CartPole-v1,ppo,0,64,10.0,
CartPole-v1,ppo,0,65,36.0,
CartPole-v1,ppo,0,66,14.0,
CartPole-v1,ppo,0,67,31.0,
CartPole-v1,ppo,0,68,17.0,
CartPole-v1,ppo,0,69,16.0,
CartPole-v1,ppo,0,70,48.0,
CartPole-v1,ppo,0,71,23.0,
CartPole-v1,ppo,0,72,32.0,
CartPole-v1,ppo,0,73,32.0,
CartPole-v1,ppo,0,74,16.0,
CartPole-v1,ppo,0,75,21.0,
CartPole-v1,ppo,0,76,10.0,
CartPole-v1,ppo,0,77,49.0,
CartPole-v1,ppo,0,78,55.0,
CartPole-v1,ppo,0,79,19.0,
CartPole-v1,ppo,0,80,26.0,97.8
CartPole-v1,ppo,0,81,50.0,
CartPole-v1,ppo,0,82,16.0,
CartPole-v1,ppo,0,83,22.0,
CartPole-v1,ppo,0,84,18.0,
CartPole-v1,ppo,0,85,31.0,
CartPole-v1,ppo,0,86,32.0,
CartPole-v1,ppo,0,87,20.0,
CartPole-v1,ppo,0,88,14.0,
CartPole-v1,ppo,0,89,14.0,
CartPole-v1,ppo,0,90,26.0,
CartPole-v1,ppo,0,91,24.0,
CartPole-v1,ppo,0,92,36.0,
CartPole-v1,ppo,0,93,75.0,
CartPole-v1,ppo,0,94,36.0,
CartPole-v1,ppo,0,95,14.0,
CartPole-v1,ppo,0,96,49.0,
CartPole-v1,ppo,0,97,26.0,
CartPole-v1,ppo,0,98,19.0,
CartPole-v1,ppo,0,99,23.0,
CartPole-v1,ppo,0,100,74.0,96.0
CartPole-v1,ppo,0,101,30.0,
CartPole-v1,ppo,0,102,147.0,
CartPole-v1,ppo,0,103,48.0,
CartPole-v1,ppo,0,104,27.0,
CartPole-v1,ppo,0,105,33.0,
CartPole-v1,ppo,0,106,29.0,
CartPole-v1,ppo,0,107,13.0,
CartPole-v1,ppo,0,108,57.0,
CartPole-v1,ppo,0,109,34.0,
CartPole-v1,ppo,0,110,27.0,
CartPole-v1,ppo,0,111,16.0,
CartPole-v1,ppo,0,112,28.0,
CartPole-v1,ppo,0,113,17.0,
CartPole-v1,ppo,0,114,38.0,
CartPole-v1,ppo,0,115,51.0,
CartPole-v1,ppo,0,116,45.0,
CartPole-v1,ppo,0,117,36.0,
CartPole-v1,ppo,0,118,51.0,
CartPole-v1,ppo,0,119,31.0,
CartPole-v1,ppo,0,120,26.0,88.0
CartPole-v1,ppo,0,121,40.0,
CartPole-v1,ppo,0,122,28.0,
CartPole-v1,ppo,0,123,22.0,
CartPole-v1,ppo,0,124,52.0,
CartPole-v1,ppo,0,125,53.0,
CartPole-v1,ppo,0,126,15.0,
CartPole-v1,ppo,0,127,118.0,
CartPole-v1,ppo,0,128,38.0,
CartPole-v1,ppo,0,129,38.0,
CartPole-v1,ppo,0,130,30.0,
CartPole-v1,ppo,0,131,25.0,
CartPole-v1,ppo,0,132,46.0,
CartPole-v1,ppo,0,133,24.0,
CartPole-v1,ppo,0,134,75.0,
CartPole-v1,ppo,0,135,32.0,
CartPole-v1,ppo,0,136,98.0,
CartPole-v1,ppo,0,137,41.0,
CartPole-v1,ppo,0,138,55.0,
CartPole-v1,ppo,0,139,32.0,
CartPole-v1,ppo,0,140,87.0,92.0
CartPole-v1,ppo,0,141,20.0,
CartPole-v1,ppo,0,142,62.0,
CartPole-v1,ppo,0,143,77.0,
CartPole-v1,ppo,0,144,34.0,
CartPole-v1,ppo,0,145,89.0,
CartPole-v1,ppo,0,146,74.0,
CartPole-v1,ppo,0,147,118.0,
CartPole-v1,ppo,0,148,52.0,
CartPole-v1,ppo,0,149,62.0,
CartPole-v1,ppo,0,150,41.0,
CartPole-v1,ppo,0,151,82.0,
CartPole-v1,ppo,0,152,36.0,
CartPole-v1,ppo,0,153,28.0,
CartPole-v1,ppo,0,154,22.0,
CartPole-v1,ppo,0,155,40.0,
CartPole-v1,ppo,0,156,67.0,
CartPole-v1,ppo,0,157,58.0,
CartPole-v1,ppo,0,158,128.0,
CartPole-v1,ppo,0,159,45.0,
CartPole-v1,ppo,0,160,45.0,97.8
CartPole-v1,ppo,0,161,61.0,
CartPole-v1,ppo,0,162,50.0,
CartPole-v1,ppo,0,163,31.0,
CartPole-v1,ppo,0,164,33.0,
CartPole-v1,ppo,0,165,27.0,
CartPole-v1,ppo,0,166,33.0,
CartPole-v1,ppo,0,167,159.0,
CartPole-v1,ppo,0,168,24.0,
CartPole-v1,ppo,0,169,43.0,
CartPole-v1,ppo,0,170,38.0,
CartPole-v1,ppo,0,171,70.0,
CartPole-v1,ppo,0,172,84.0,
CartPole-v1,ppo,0,173,42.0,
CartPole-v1,ppo,0,174,70.0,
CartPole-v1,ppo,0,175,31.0,
CartPole-v1,ppo,0,176,61.0,
CartPole-v1,ppo,0,177,116.0,
CartPole-v1,ppo,0,178,21.0,
CartPole-v1,ppo,0,179,26.0,
CartPole-v1,ppo,0,180,79.0,148.6
CartPole-v1,ppo,0,181,144.0,
CartPole-v1,ppo,0,182,155.0,
CartPole-v1,ppo,0,183,113.0,
CartPole-v1,ppo,0,184,138.0,
CartPole-v1,ppo,0,185,45.0,
CartPole-v1,ppo,0,186,45.0,
CartPole-v1,ppo,0,187,115.0,
CartPole-v1,ppo,0,188,55.0,
CartPole-v1,ppo,0,189,57.0,
CartPole-v1,ppo,0,190,22.0,
CartPole-v1,ppo,0,191,66.0,
CartPole-v1,ppo,0,192,18.0,
CartPole-v1,ppo,0,193,49.0,
CartPole-v1,ppo,0,194,63.0,
CartPole-v1,ppo,0,195,78.0,
CartPole-v1,ppo,0,196,61.0,
CartPole-v1,ppo,0,197,125.0,
CartPole-v1,ppo,0,198,104.0,
CartPole-v1,ppo,0,199,152.0,
CartPole-v1,ppo,0,200,105.0,160.8
CartPole-v1,ppo,0,201,33.0,
CartPole-v1,ppo,0,202,129.0,
CartPole-v1,ppo,0,203,45.0,
CartPole-v1,ppo,0,204,92.0,
CartPole-v1,ppo,0,205,38.0,
CartPole-v1,ppo,0,206,49.0,
CartPole-v1,ppo,0,207,114.0,
CartPole-v1,ppo,0,208,148.0,
CartPole-v1,ppo,0,209,169.0,
CartPole-v1,ppo,0,210,158.0,
CartPole-v1,ppo,0,211,153.0,
CartPole-v1,ppo,0,212,37.0,
CartPole-v1,ppo,0,213,103.0,
CartPole-v1,ppo,0,214,115.0,
CartPole-v1,ppo,0,215,39.0,
CartPole-v1,ppo,0,216,34.0,
CartPole-v1,ppo,0,217,83.0,
CartPole-v1,ppo,0,218,58.0,
CartPole-v1,ppo,0,219,147.0,
CartPole-v1,ppo,0,220,44.0,204.4
CartPole-v1,ppo,0,221,134.0,
CartPole-v1,ppo,0,222,75.0,
CartPole-v1,ppo,0,223,131.0,
CartPole-v1,ppo,0,224,234.0,
CartPole-v1,ppo,0,225,147.0,
CartPole-v1,ppo,0,226,159.0,
CartPole-v1,ppo,0,227,176.0,
CartPole-v1,ppo,0,228,148.0,
CartPole-v1,ppo,0,229,129.0,
CartPole-v1,ppo,0,230,190.0,
CartPole-v1,ppo,0,231,57.0,
CartPole-v1,ppo,0,232,140.0,
CartPole-v1,ppo,0,233,124.0,
CartPole-v1,ppo,0,234,246.0,
CartPole-v1,ppo,0,235,220.0,
CartPole-v1,ppo,0,236,72.0,
CartPole-v1,ppo,0,237,149.0,
CartPole-v1,ppo,0,238,135.0,
CartPole-v1,ppo,0,239,53.0,
CartPole-v1,ppo,0,240,163.0,294.2
CartPole-v1,ppo,0,241,112.0,
CartPole-v1,ppo,0,242,102.0,
CartPole-v1,ppo,0,243,128.0,
CartPole-v1,ppo,0,244,56.0,
CartPole-v1,ppo,0,245,143.0,
CartPole-v1,ppo,0,246,46.0,
CartPole-v1,ppo,0,247,228.0,
CartPole-v1,ppo,0,248,139.0,
CartPole-v1,ppo,0,249,209.0,
CartPole-v1,ppo,0,250,28.0,
CartPole-v1,ppo,0,251,311.0,
CartPole-v1,ppo,0,252,154.0,
CartPole-v1,ppo,0,253,143.0,
CartPole-v1,ppo,0,254,328.0,
CartPole-v1,ppo,0,255,105.0,
CartPole-v1,ppo,0,256,68.0,
CartPole-v1,ppo,0,257,115.0,
CartPole-v1,ppo,0,258,463.0,
CartPole-v1,ppo,0,259,154.0,
CartPole-v1,ppo,0,260,74.0,401.0
CartPole-v1,ppo,0,261,22.0,
CartPole-v1,ppo,0,262,70.0,
CartPole-v1,ppo,0,263,76.0,
CartPole-v1,ppo,0,264,45.0,
CartPole-v1,ppo,0,265,110.0,
CartPole-v1,ppo,0,266,271.0,
CartPole-v1,ppo,0,267,105.0,
CartPole-v1,ppo,0,268,247.0,
CartPole-v1,ppo,0,269,187.0,
CartPole-v1,ppo,0,270,163.0,
CartPole-v1,ppo,0,271,123.0,
CartPole-v1,ppo,0,272,250.0,
CartPole-v1,ppo,0,273,474.0,
CartPole-v1,ppo,0,274,395.0,
CartPole-v1,ppo,0,275,218.0,
CartPole-v1,ppo,0,276,376.0,
CartPole-v1,ppo,0,277,85.0,
CartPole-v1,ppo,0,278,256.0,
CartPole-v1,ppo,0,279,340.0,
CartPole-v1,ppo,0,280,177.0,391.2
CartPole-v1,ppo,0,281,77.0,
CartPole-v1,ppo,0,282,325.0,
CartPole-v1,ppo,0,283,52.0,
CartPole-v1,ppo,0,284,338.0,
CartPole-v1,ppo,0,285,372.0,
CartPole-v1,ppo,0,286,229.0,
CartPole-v1,ppo,0,287,82.0,
CartPole-v1,ppo,0,288,214.0,
CartPole-v1,ppo,0,289,145.0,
CartPole-v1,ppo,0,290,265.0,
CartPole-v1,ppo,0,291,316.0,
CartPole-v1,ppo,0,292,100.0,
CartPole-v1,ppo,0,293,126.0,
CartPole-v1,ppo,0,294,151.0,
CartPole-v1,ppo,0,295,266.0,
CartPole-v1,ppo,0,296,286.0,
CartPole-v1,ppo,0,297,264.0,
CartPole-v1,ppo,0,298,223.0,
CartPole-v1,ppo,0,299,232.0,
CartPole-v1,ppo,0,300,269.0,431.0
CartPole-v1,ppo,0,301,216.0,
CartPole-v1,ppo,0,302,254.0,
CartPole-v1,ppo,0,303,93.0,
CartPole-v1,ppo,0,304,196.0,
CartPole-v1,ppo,0,305,240.0,
CartPole-v1,ppo,0,306,120.0,
CartPole-v1,ppo,0,307,279.0,
CartPole-v1,ppo,0,308,114.0,
CartPole-v1,ppo,0,309,186.0,
CartPole-v1,ppo,0,310,382.0,
CartPole-v1,ppo,0,311,319.0,
CartPole-v1,ppo,0,312,145.0,
CartPole-v1,ppo,0,313,379.0,
CartPole-v1,ppo,0,314,456.0,
CartPole-v1,ppo,0,315,482.0,
CartPole-v1,ppo,0,316,500.0,
CartPole-v1,ppo,0,317,275.0,
CartPole-v1,ppo,0,318,188.0,
CartPole-v1,ppo,0,319,500.0,
CartPole-v1,ppo,0,320,484.0,484.8
CartPole-v1,ppo,0,321,252.0,
CartPole-v1,ppo,0,322,500.0,
CartPole-v1,ppo,0,323,455.0,
CartPole-v1,ppo,0,324,76.0,
CartPole-v1,ppo,0,325,163.0,
CartPole-v1,ppo,0,326,222.0,
CartPole-v1,ppo,0,327,463.0,
CartPole-v1,ppo,0,328,265.0,
CartPole-v1,ppo,0,329,122.0,
CartPole-v1,ppo,0,330,220.0,
CartPole-v1,ppo,0,331,251.0,
CartPole-v1,ppo,0,332,135.0,
CartPole-v1,ppo,0,333,211.0,
CartPole-v1,ppo,0,334,265.0,
CartPole-v1,ppo,0,335,240.0,
CartPole-v1,ppo,0,336,362.0,
CartPole-v1,ppo,0,337,183.0,
CartPole-v1,ppo,0,338,293.0,
CartPole-v1,ppo,0,339,111.0,
CartPole-v1,ppo,0,340,500.0,488.6
CartPole-v1,ppo,0,341,328.0,
CartPole-v1,ppo,0,342,329.0,
CartPole-v1,ppo,0,343,204.0,
CartPole-v1,ppo,0,344,258.0,
CartPole-v1,ppo,0,345,458.0,
CartPole-v1,ppo,0,346,242.0,
CartPole-v1,ppo,0,347,292.0,
CartPole-v1,ppo,0,348,170.0,
CartPole-v1,ppo,0,349,263.0,
CartPole-v1,ppo,0,350,462.0,
CartPole-v1,ppo,0,351,258.0,
CartPole-v1,ppo,0,352,260.0,
CartPole-v1,ppo,0,353,190.0,
CartPole-v1,ppo,0,354,284.0,
CartPole-v1,ppo,0,355,240.0,
CartPole-v1,ppo,0,356,162.0,
CartPole-v1,ppo,0,357,247.0,
CartPole-v1,ppo,0,358,334.0,
CartPole-v1,ppo,0,359,232.0,
CartPole-v1,ppo,0,360,198.0,430.0
CartPole-v1,ppo,0,361,294.0,
CartPole-v1,ppo,0,362,172.0,
CartPole-v1,ppo,0,363,174.0,
CartPole-v1,ppo,0,364,109.0,
CartPole-v1,ppo,0,365,168.0,
CartPole-v1,ppo,0,366,155.0,
CartPole-v1,ppo,0,367,252.0,
CartPole-v1,ppo,0,368,200.0,
CartPole-v1,ppo,0,369,401.0,
CartPole-v1,ppo,0,370,172.0,
CartPole-v1,ppo,0,371,314.0,
CartPole-v1,ppo,0,372,190.0,
CartPole-v1,ppo,0,373,212.0,
CartPole-v1,ppo,0,374,449.0,
CartPole-v1,ppo,0,375,161.0,
CartPole-v1,ppo,0,376,55.0,
CartPole-v1,ppo,0,377,500.0,
CartPole-v1,ppo,0,378,500.0,
CartPole-v1,ppo,0,379,500.0,
CartPole-v1,ppo,0,380,500.0,471.8
CartPole-v1,ppo,0,381,221.0,
CartPole-v1,ppo,0,382,177.0,
CartPole-v1,ppo,0,383,247.0,
CartPole-v1,ppo,0,384,254.0,
CartPole-v1,ppo,0,385,397.0,
CartPole-v1,ppo,0,386,224.0,
CartPole-v1,ppo,0,387,296.0,
CartPole-v1,ppo,0,388,33.0,
CartPole-v1,ppo,0,389,229.0,
CartPole-v1,ppo,0,390,105.0,
CartPole-v1,ppo,0,391,374.0,
CartPole-v1,ppo,0,392,235.0,
CartPole-v1,ppo,0,393,326.0,
CartPole-v1,ppo,0,394,191.0,
CartPole-v1,ppo,0,395,500.0,
CartPole-v1,ppo,0,396,183.0,
CartPole-v1,ppo,0,397,500.0,
CartPole-v1,ppo,0,398,500.0,
CartPole-v1,ppo,0,399,500.0,
CartPole-v1,ppo,0,400,199.0,472.6
CartPole-v1,ppo,0,401,142.0,
CartPole-v1,ppo,0,402,500.0,
CartPole-v1,ppo,0,403,500.0,
CartPole-v1,ppo,0,404,370.0,
CartPole-v1,ppo,0,405,112.0,
CartPole-v1,ppo,0,406,192.0,
CartPole-v1,ppo,0,407,353.0,
CartPole-v1,ppo,0,408,336.0,
CartPole-v1,ppo,0,409,500.0,
CartPole-v1,ppo,0,410,368.0,
CartPole-v1,ppo,0,411,397.0,
CartPole-v1,ppo,0,412,500.0,
CartPole-v1,ppo,0,413,110.0,
CartPole-v1,ppo,0,414,353.0,
CartPole-v1,ppo,0,415,500.0,
CartPole-v1,ppo,0,416,348.0,
CartPole-v1,ppo,0,417,500.0,
CartPole-v1,ppo,0,418,304.0,
CartPole-v1,ppo,0,419,255.0,
CartPole-v1,ppo,0,420,444.0,472.8
CartPole-v1,ppo,0,421,385.0,
CartPole-v1,ppo,0,422,150.0,
CartPole-v1,ppo,0,423,477.0,
CartPole-v1,ppo,0,424,500.0,
CartPole-v1,ppo,0,425,493.0,
CartPole-v1,ppo,0,426,230.0,
CartPole-v1,ppo,0,427,500.0,
CartPole-v1,ppo,0,428,459.0,
CartPole-v1,ppo,0,429,500.0,
CartPole-v1,ppo,0,430,500.0,
CartPole-v1,ppo,0,431,407.0,
CartPole-v1,ppo,0,432,474.0,
CartPole-v1,ppo,0,433,500.0,
CartPole-v1,ppo,0,434,500.0,
CartPole-v1,ppo,0,435,500.0,
CartPole-v1,ppo,0,436,475.0,
CartPole-v1,ppo,0,437,460.0,
CartPole-v1,ppo,0,438,500.0,
CartPole-v1,ppo,0,439,474.0,
CartPole-v1,ppo,0,440,500.0,485.0
CartPole-v1,ppo,0,441,500.0,
CartPole-v1,ppo,0,442,500.0,
CartPole-v1,ppo,0,443,500.0,
CartPole-v1,ppo,0,444,500.0,
CartPole-v1,ppo,0,445,500.0,
CartPole-v1,ppo,0,446,391.0,
CartPole-v1,ppo,0,447,454.0,
CartPole-v1,ppo,0,448,492.0,
CartPole-v1,ppo,0,449,500.0,
CartPole-v1,ppo,0,450,500.0,
CartPole-v1,ppo,0,451,405.0,
CartPole-v1,ppo,0,452,500.0,
CartPole-v1,ppo,0,453,500.0,
CartPole-v1,ppo,0,454,500.0,
CartPole-v1,ppo,0,455,231.0,
CartPole-v1,ppo,0,456,447.0,
CartPole-v1,ppo,0,457,500.0,
CartPole-v1,ppo,0,458,500.0,
CartPole-v1,ppo,0,459,500.0,
CartPole-v1,ppo,0,460,397.0,500.0
CartPole-v1,ppo,0,461,500.0,
CartPole-v1,ppo,0,462,500.0,
CartPole-v1,ppo,0,463,154.0,
CartPole-v1,ppo,0,464,500.0,
CartPole-v1,ppo,0,465,500.0,
CartPole-v1,ppo,0,466,500.0,
CartPole-v1,ppo,0,467,500.0,
CartPole-v1,ppo,0,468,500.0,
CartPole-v1,ppo,0,469,500.0,
CartPole-v1,ppo,0,470,197.0,
CartPole-v1,ppo,0,471,250.0,
CartPole-v1,ppo,0,472,281.0,
CartPole-v1,ppo,0,473,500.0,
CartPole-v1,ppo,0,474,500.0,
CartPole-v1,ppo,0,475,500.0,
CartPole-v1,ppo,0,476,500.0,
CartPole-v1,ppo,0,477,500.0,
CartPole-v1,ppo,0,478,275.0,
CartPole-v1,ppo,0,479,500.0,
CartPole-v1,ppo,0,480,288.0,484.8
CartPole-v1,ppo,0,481,500.0,
CartPole-v1,ppo,0,482,500.0,
CartPole-v1,ppo,0,483,234.0,
CartPole-v1,ppo,0,484,469.0,
CartPole-v1,ppo,0,485,383.0,
CartPole-v1,ppo,0,486,271.0,
CartPole-v1,ppo,0,487,500.0,
CartPole-v1,ppo,0,488,148.0,
CartPole-v1,ppo,0,489,500.0,
CartPole-v1,ppo,0,490,500.0,
CartPole-v1,ppo,0,491,500.0,
CartPole-v1,ppo,0,492,500.0,
CartPole-v1,ppo,0,493,500.0,
CartPole-v1,ppo,0,494,196.0,
CartPole-v1,ppo,0,495,500.0,
CartPole-v1,ppo,0,496,500.0,
CartPole-v1,ppo,0,497,500.0,
CartPole-v1,ppo,0,498,396.0,
CartPole-v1,ppo,0,499,500.0,
CartPole-v1,ppo,0,500,500.0,490.8
CartPole-v1,ppo,1,1,11.0,
CartPole-v1,ppo,1,2,16.0,
CartPole-v1,ppo,1,3,12.0,
CartPole-v1,ppo,1,4,12.0,
CartPole-v1,ppo,1,5,13.0,
CartPole-v1,ppo,1,6,13.0,
CartPole-v1,ppo,1,7,30.0,
CartPole-v1,ppo,1,8,21.0,
CartPole-v1,ppo,1,9,15.0,
CartPole-v1,ppo,1,10,16.0,
CartPole-v1,ppo,1,11,12.0,
CartPole-v1,ppo,1,12,25.0,
CartPole-v1,ppo,1,13,33.0,
CartPole-v1,ppo,1,14,12.0,
CartPole-v1,ppo,1,15,25.0,
CartPole-v1,ppo,1,16,29.0,
CartPole-v1,ppo,1,17,13.0,
CartPole-v1,ppo,1,18,53.0,
CartPole-v1,ppo,1,19,99.0,
CartPole-v1,ppo,1,20,10.0,9.2
CartPole-v1,ppo,1,21,73.0,
CartPole-v1,ppo,1,22,18.0,
CartPole-v1,ppo,1,23,33.0,
CartPole-v1,ppo,1,24,39.0,
CartPole-v1,ppo,1,25,38.0,
CartPole-v1,ppo,1,26,15.0,
CartPole-v1,ppo,1,27,18.0,
CartPole-v1,ppo,1,28,22.0,
CartPole-v1,ppo,1,29,30.0,
CartPole-v1,ppo,1,30,24.0,
CartPole-v1,ppo,1,31,36.0,
CartPole-v1,ppo,1,32,24.0,
CartPole-v1,ppo,1,33,14.0,
CartPole-v1,ppo,1,34,39.0,
CartPole-v1,ppo,1,35,14.0,
CartPole-v1,ppo,1,36,55.0,
CartPole-v1,ppo,1,37,11.0,
CartPole-v1,ppo,1,38,40.0,
CartPole-v1,ppo,1,39,33.0,
CartPole-v1,ppo,1,40,14.0,58.4
CartPole-v1,ppo,1,41,21.0,
CartPole-v1,ppo,1,42,26.0,
CartPole-v1,ppo,1,43,14.0,
CartPole-v1,ppo,1,44,36.0,
CartPole-v1,ppo,1,45,20.0,
CartPole-v1,ppo,1,46,41.0,
CartPole-v1,ppo,1,47,39.0,
CartPole-v1,ppo,1,48,11.0,
CartPole-v1,ppo,1,49,27.0,
CartPole-v1,ppo,1,50,11.0,
CartPole-v1,ppo,1,51,58.0,
CartPole-v1,ppo,1,52,13.0,
CartPole-v1,ppo,1,53,30.0,
CartPole-v1,ppo,1,54,23.0,
CartPole-v1,ppo,1,55,14.0,
CartPole-v1,ppo,1,56,37.0,
CartPole-v1,ppo,1,57,39.0,
CartPole-v1,ppo,1,58,23.0,
CartPole-v1,ppo,1,59,33.0,
CartPole-v1,ppo,1,60,29.0,89.8
CartPole-v1,ppo,1,61,15.0,
CartPole-v1,ppo,1,62,24.0,
CartPole-v1,ppo,1,63,96.0,
CartPole-v1,ppo,1,64,27.0,
CartPole-v1,ppo,1,65,23.0,
CartPole-v1,ppo,1,66,30.0,
CartPole-v1,ppo,1,67,18.0,
CartPole-v1,ppo,1,68,11.0,
CartPole-v1,ppo,1,69,15.0,
CartPole-v1,ppo,1,70,20.0,
CartPole-v1,ppo,1,71,34.0,
CartPole-v1,ppo,1,72,36.0,
CartPole-v1,ppo,1,73,36.0,
CartPole-v1,ppo,1,74,14.0,
CartPole-v1,ppo,1,75,25.0,
CartPole-v1,ppo,1,76,32.0,
CartPole-v1,ppo,1,77,15.0,
CartPole-v1,ppo,1,78,24.0,
CartPole-v1,ppo,1,79,46.0,
CartPole-v1,ppo,1,80,30.0,96.4
CartPole-v1,ppo,1,81,23.0,
CartPole-v1,ppo,1,82,19.0,
CartPole-v1,ppo,1,83,18.0,
CartPole-v1,ppo,1,84,33.0,
CartPole-v1,ppo,1,85,30.0,
CartPole-v1,ppo,1,86,23.0,
CartPole-v1,ppo,1,87,46.0,
CartPole-v1,ppo,1,88,24.0,
CartPole-v1,ppo,1,89,22.0,
CartPole-v1,ppo,1,90,41.0,
CartPole-v1,ppo,1,91,19.0,
CartPole-v1,ppo,1,92,20.0,
CartPole-v1,ppo,1,93,16.0,
CartPole-v1,ppo,1,94,22.0,
CartPole-v1,ppo,1,95,39.0,
CartPole-v1,ppo,1,96,24.0,
CartPole-v1,ppo,1,97,31.0,
CartPole-v1,ppo,1,98,16.0,
CartPole-v1,ppo,1,99,22.0,
CartPole-v1,ppo,1,100,18.0,95.0
CartPole-v1,ppo,1,101,19.0,
CartPole-v1,ppo,1,102,49.0,
CartPole-v1,ppo,1,103,42.0,
CartPole-v1,ppo,1,104,64.0,
CartPole-v1,ppo,1,105,79.0,
CartPole-v1,ppo,1,106,44.0,
CartPole-v1,ppo,1,107,73.0,
CartPole-v1,ppo,1,108,42.0,
CartPole-v1,ppo,1,109,42.0,
CartPole-v1,ppo,1,110,15.0,
CartPole-v1,ppo,1,111,39.0,
CartPole-v1,ppo,1,112,39.0,
CartPole-v1,ppo,1,113,37.0,
CartPole-v1,ppo,1,114,52.0,
CartPole-v1,ppo,1,115,45.0,
CartPole-v1,ppo,1,116,13.0,
CartPole-v1,ppo,1,117,27.0,
CartPole-v1,ppo,1,118,40.0,
CartPole-v1,ppo,1,119,33.0,
CartPole-v1,ppo,1,120,26.0,117.8
CartPole-v1,ppo,1,121,66.0,
CartPole-v1,ppo,1,122,39.0,
CartPole-v1,ppo,1,123,20.0,
CartPole-v1,ppo,1,124,16.0,
CartPole-v1,ppo,1,125,25.0,
CartPole-v1,ppo,1,126,65.0,
CartPole-v1,ppo,1,127,29.0,
CartPole-v1,ppo,1,128,30.0,
CartPole-v1,ppo,1,129,31.0,
CartPole-v1,ppo,1,130,35.0,
CartPole-v1,ppo,1,131,29.0,
CartPole-v1,ppo,1,132,36.0,
CartPole-v1,ppo,1,133,15.0,
CartPole-v1,ppo,1,134,49.0,
CartPole-v1,ppo,1,135,40.0,
CartPole-v1,ppo,1,136,32.0,
CartPole-v1,ppo,1,137,41.0,
CartPole-v1,ppo,1,138,92.0,
CartPole-v1,ppo,1,139,49.0,
CartPole-v1,ppo,1,140,42.0,104.8
CartPole-v1,ppo,1,141,36.0,
CartPole-v1,ppo,1,142,74.0,
CartPole-v1,ppo,1,143,22.0,
CartPole-v1,ppo,1,144,27.0,
CartPole-v1,ppo,1,145,70.0,
CartPole-v1,ppo,1,146,38.0,
CartPole-v1,ppo,1,147,42.0,
CartPole-v1,ppo,1,148,16.0,
CartPole-v1,ppo,1,149,53.0,
CartPole-v1,ppo,1,150,21.0,
CartPole-v1,ppo,1,151,27.0,
CartPole-v1,ppo,1,152,57.0,
CartPole-v1,ppo,1,153,50.0,
CartPole-v1,ppo,1,154,13.0,
CartPole-v1,ppo,1,155,38.0,
CartPole-v1,ppo,1,156,69.0,
CartPole-v1,ppo,1,157,17.0,
CartPole-v1,ppo,1,158,48.0,
CartPole-v1,ppo,1,159,71.0,
CartPole-v1,ppo,1,160,17.0,102.4
CartPole-v1,ppo,1,161,66.0,
CartPole-v1,ppo,1,162,25.0,
CartPole-v1,ppo,1,163,80.0,
CartPole-v1,ppo,1,164,53.0,
CartPole-v1,ppo,1,165,69.0,
CartPole-v1,ppo,1,166,75.0,
CartPole-v1,ppo,1,167,20.0,
CartPole-v1,ppo,1,168,62.0,
CartPole-v1,ppo,1,169,44.0,
CartPole-v1,ppo,1,170,46.0,
CartPole-v1,ppo,1,171,38.0,
CartPole-v1,ppo,1,172,54.0,
CartPole-v1,ppo,1,173,22.0,
CartPole-v1,ppo,1,174,46.0,
CartPole-v1,ppo,1,175,132.0,
CartPole-v1,ppo,1,176,137.0,
CartPole-v1,ppo,1,177,49.0,
CartPole-v1,ppo,1,178,60.0,
CartPole-v1,ppo,1,179,20.0,
CartPole-v1,ppo,1,180,39.0,197.4
CartPole-v1,ppo,1,181,35.0,
CartPole-v1,ppo,1,182,65.0,
CartPole-v1,ppo,1,183,49.0,
CartPole-v1,ppo,1,184,71.0,
CartPole-v1,ppo,1,185,152.0,
CartPole-v1,ppo,1,186,55.0,
CartPole-v1,ppo,1,187,66.0,
CartPole-v1,ppo,1,188,35.0,
CartPole-v1,ppo,1,189,64.0,
CartPole-v1,ppo,1,190,111.0,
CartPole-v1,ppo,1,191,41.0,
CartPole-v1,ppo,1,192,50.0,
CartPole-v1,ppo,1,193,45.0,
CartPole-v1,ppo,1,194,31.0,
CartPole-v1,ppo,1,195,194.0,
CartPole-v1,ppo,1,196,50.0,
CartPole-v1,ppo,1,197,26.0,
CartPole-v1,ppo,1,198,23.0,
CartPole-v1,ppo,1,199,48.0,
CartPole-v1,ppo,1,200,134.0,297.2
CartPole-v1,ppo,1,201,130.0,
CartPole-v1,ppo,1,202,33.0,
CartPole-v1,ppo,1,203,59.0,
CartPole-v1,ppo,1,204,163.0,
CartPole-v1,ppo,1,205,142.0,
CartPole-v1,ppo,1,206,143.0,
CartPole-v1,ppo,1,207,80.0,
CartPole-v1,ppo,1,208,55.0,
CartPole-v1,ppo,1,209,69.0,
CartPole-v1,ppo,1,210,32.0,
CartPole-v1,ppo,1,211,210.0,
CartPole-v1,ppo,1,212,102.0,
CartPole-v1,ppo,1,213,50.0,
CartPole-v1,ppo,1,214,31.0,
CartPole-v1,ppo,1,215,62.0,
CartPole-v1,ppo,1,216,58.0,
CartPole-v1,ppo,1,217,83.0,
CartPole-v1,ppo,1,218,324.0,
CartPole-v1,ppo,1,219,159.0,
CartPole-v1,ppo,1,220,28.0,423.0
CartPole-v1,ppo,1,221,188.0,
CartPole-v1,ppo,1,222,266.0,
CartPole-v1,ppo,1,223,87.0,
CartPole-v1,ppo,1,224,283.0,
CartPole-v1,ppo,1,225,190.0,
CartPole-v1,ppo,1,226,151.0,
CartPole-v1,ppo,1,227,25.0,
CartPole-v1,ppo,1,228,107.0,
CartPole-v1,ppo,1,229,74.0,
CartPole-v1,ppo,1,230,91.0,
CartPole-v1,ppo,1,231,63.0,
CartPole-v1,ppo,1,232,434.0,
CartPole-v1,ppo,1,233,155.0,
CartPole-v1,ppo,1,234,175.0,
CartPole-v1,ppo,1,235,148.0,
CartPole-v1,ppo,1,236,259.0,
CartPole-v1,ppo,1,237,267.0,
CartPole-v1,ppo,1,238,39.0,
CartPole-v1,ppo,1,239,88.0,
CartPole-v1,ppo,1,240,27.0,486.4
CartPole-v1,ppo,1,241,379.0,
CartPole-v1,ppo,1,242,189.0,
CartPole-v1,ppo,1,243,131.0,
CartPole-v1,ppo,1,244,85.0,
CartPole-v1,ppo,1,245,158.0,
CartPole-v1,ppo,1,246,147.0,
CartPole-v1,ppo,1,247,34.0,
CartPole-v1,ppo,1,248,403.0,
CartPole-v1,ppo,1,249,31.0,
CartPole-v1,ppo,1,250,419.0,
CartPole-v1,ppo,1,251,37.0,
CartPole-v1,ppo,1,252,339.0,
CartPole-v1,ppo,1,253,175.0,
CartPole-v1,ppo,1,254,231.0,
CartPole-v1,ppo,1,255,279.0,
CartPole-v1,ppo,1,256,52.0,
CartPole-v1,ppo,1,257,170.0,
CartPole-v1,ppo,1,258,206.0,
CartPole-v1,ppo,1,259,193.0,
CartPole-v1,ppo,1,260,81.0,493.0
CartPole-v1,ppo,1,261,389.0,
CartPole-v1,ppo,1,262,420.0,
CartPole-v1,ppo,1,263,301.0,
CartPole-v1,ppo,1,264,251.0,
CartPole-v1,ppo,1,265,245.0,
CartPole-v1,ppo,1,266,315.0,
CartPole-v1,ppo,1,267,184.0,
CartPole-v1,ppo,1,268,317.0,
CartPole-v1,ppo,1,269,312.0,
CartPole-v1,ppo,1,270,275.0,
CartPole-v1,ppo,1,271,210.0,
CartPole-v1,ppo,1,272,128.0,
CartPole-v1,ppo,1,273,271.0,
CartPole-v1,ppo,1,274,500.0,
CartPole-v1,ppo,1,275,225.0,
CartPole-v1,ppo,1,276,356.0,
CartPole-v1,ppo,1,277,249.0,
CartPole-v1,ppo,1,278,219.0,
CartPole-v1,ppo,1,279,217.0,
CartPole-v1,ppo,1,280,152.0,467.6
CartPole-v1,ppo,1,281,272.0,
CartPole-v1,ppo,1,282,144.0,
CartPole-v1,ppo,1,283,186.0,
CartPole-v1,ppo,1,284,226.0,
CartPole-v1,ppo,1,285,500.0,
CartPole-v1,ppo,1,286,169.0,
CartPole-v1,ppo,1,287,370.0,
CartPole-v1,ppo,1,288,265.0,
CartPole-v1,ppo,1,289,387.0,
CartPole-v1,ppo,1,290,288.0,
CartPole-v1,ppo,1,291,207.0,
CartPole-v1,ppo,1,292,242.0,
CartPole-v1,ppo,1,293,225.0,
CartPole-v1,ppo,1,294,301.0,
CartPole-v1,ppo,1,295,160.0,
CartPole-v1,ppo,1,296,266.0,
CartPole-v1,ppo,1,297,313.0,
CartPole-v1,ppo,1,298,309.0,
CartPole-v1,ppo,1,299,210.0,
CartPole-v1,ppo,1,300,121.0,468.4
CartPole-v1,ppo,1,301,199.0,
CartPole-v1,ppo,1,302,375.0,
CartPole-v1,ppo,1,303,151.0,
CartPole-v1,ppo,1,304,261.0,
CartPole-v1,ppo,1,305,171.0,
CartPole-v1,ppo,1,306,322.0,
CartPole-v1,ppo,1,307,248.0,
CartPole-v1,ppo,1,308,198.0,
CartPole-v1,ppo,1,309,155.0,
CartPole-v1,ppo,1,310,201.0,
CartPole-v1,ppo,1,311,500.0,
CartPole-v1,ppo,1,312,203.0,
CartPole-v1,ppo,1,313,180.0,
CartPole-v1,ppo,1,314,333.0,
CartPole-v1,ppo,1,315,253.0,
CartPole-v1,ppo,1,316,311.0,
CartPole-v1,ppo,1,317,266.0,
CartPole-v1,ppo,1,318,280.0,
CartPole-v1,ppo,1,319,270.0,
CartPole-v1,ppo,1,320,181.0,460.2
CartPole-v1,ppo,1,321,252.0,
CartPole-v1,ppo,1,322,197.0,
CartPole-v1,ppo,1,323,254.0,
CartPole-v1,ppo,1,324,170.0,
CartPole-v1,ppo,1,325,318.0,
CartPole-v1,ppo,1,326,298.0,
CartPole-v1,ppo,1,327,269.0,
CartPole-v1,ppo,1,328,137.0,
CartPole-v1,ppo,1,329,257.0,
CartPole-v1,ppo,1,330,411.0,
CartPole-v1,ppo,1,331,243.0,
CartPole-v1,ppo,1,332,218.0,
CartPole-v1,ppo,1,333,299.0,
CartPole-v1,ppo,1,334,304.0,
CartPole-v1,ppo,1,335,225.0,
CartPole-v1,ppo,1,336,175.0,
CartPole-v1,ppo,1,337,390.0,
CartPole-v1,ppo,1,338,500.0,
CartPole-v1,ppo,1,339,328.0,
CartPole-v1,ppo,1,340,150.0,472.6
CartPole-v1,ppo,1,341,392.0,
CartPole-v1,ppo,1,342,355.0,
CartPole-v1,ppo,1,343,426.0,
CartPole-v1,ppo,1,344,500.0,
CartPole-v1,ppo,1,345,500.0,
CartPole-v1,ppo,1,346,221.0,
CartPole-v1,ppo,1,347,500.0,
CartPole-v1,ppo,1,348,333.0,
CartPole-v1,ppo,1,349,165.0,
CartPole-v1,ppo,1,350,500.0,
CartPole-v1,ppo,1,351,446.0,
CartPole-v1,ppo,1,352,169.0,
CartPole-v1,ppo,1,353,161.0,
CartPole-v1,ppo,1,354,216.0,
CartPole-v1,ppo,1,355,293.0,
CartPole-v1,ppo,1,356,215.0,
CartPole-v1,ppo,1,357,237.0,
CartPole-v1,ppo,1,358,192.0,
CartPole-v1,ppo,1,359,453.0,
CartPole-v1,ppo,1,360,290.0,475.4
CartPole-v1,ppo,1,361,219.0,
CartPole-v1,ppo,1,362,493.0,
CartPole-v1,ppo,1,363,309.0,
CartPole-v1,ppo,1,364,96.0,
CartPole-v1,ppo,1,365,380.0,
CartPole-v1,ppo,1,366,373.0,
CartPole-v1,ppo,1,367,339.0,
CartPole-v1,ppo,1,368,500.0,
CartPole-v1,ppo,1,369,500.0,
CartPole-v1,ppo,1,370,232.0,
CartPole-v1,ppo,1,371,233.0,
CartPole-v1,ppo,1,372,225.0,
CartPole-v1,ppo,1,373,498.0,
CartPole-v1,ppo,1,374,480.0,
CartPole-v1,ppo,1,375,500.0,
CartPole-v1,ppo,1,376,361.0,
CartPole-v1,ppo,1,377,153.0,
CartPole-v1,ppo,1,378,405.0,
CartPole-v1,ppo,1,379,433.0,
CartPole-v1,ppo,1,380,226.0,500.0
CartPole-v1,ppo,1,381,324.0,
CartPole-v1,ppo,1,382,120.0,
CartPole-v1,ppo,1,383,232.0,
CartPole-v1,ppo,1,384,165.0,
CartPole-v1,ppo,1,385,256.0,
CartPole-v1,ppo,1,386,130.0,
CartPole-v1,ppo,1,387,245.0,
CartPole-v1,ppo,1,388,270.0,
CartPole-v1,ppo,1,389,155.0,
CartPole-v1,ppo,1,390,337.0,
CartPole-v1,ppo,1,391,500.0,
CartPole-v1,ppo,1,392,261.0,
CartPole-v1,ppo,1,393,309.0,
CartPole-v1,ppo,1,394,237.0,
CartPole-v1,ppo,1,395,221.0,
CartPole-v1,ppo,1,396,227.0,
CartPole-v1,ppo,1,397,233.0,
CartPole-v1,ppo,1,398,321.0,
CartPole-v1,ppo,1,399,245.0,
CartPole-v1,ppo,1,400,500.0,500.0
CartPole-v1,ppo,1,401,500.0,
CartPole-v1,ppo,1,402,206.0,
CartPole-v1,ppo,1,403,500.0,
CartPole-v1,ppo,1,404,191.0,
CartPole-v1,ppo,1,405,359.0,
CartPole-v1,ppo,1,406,326.0,
CartPole-v1,ppo,1,407,482.0,
CartPole-v1,ppo,1,408,500.0,
CartPole-v1,ppo,1,409,351.0,
CartPole-v1,ppo,1,410,424.0,
CartPole-v1,ppo,1,411,389.0,
CartPole-v1,ppo,1,412,381.0,
CartPole-v1,ppo,1,413,293.0,
CartPole-v1,ppo,1,414,304.0,
CartPole-v1,ppo,1,415,500.0,
CartPole-v1,ppo,1,416,500.0,
CartPole-v1,ppo,1,417,310.0,
CartPole-v1,ppo,1,418,297.0,
CartPole-v1,ppo,1,419,326.0,
CartPole-v1,ppo,1,420,500.0,495.4
CartPole-v1,ppo,1,421,97.0,
CartPole-v1,ppo,1,422,157.0,
CartPole-v1,ppo,1,423,500.0,
CartPole-v1,ppo,1,424,413.0,
CartPole-v1,ppo,1,425,500.0,
CartPole-v1,ppo,1,426,385.0,
CartPole-v1,ppo,1,427,202.0,
CartPole-v1,ppo,1,428,330.0,
CartPole-v1,ppo,1,429,298.0,
CartPole-v1,ppo,1,430,500.0,
CartPole-v1,ppo,1,431,500.0,
CartPole-v1,ppo,1,432,211.0,
CartPole-v1,ppo,1,433,233.0,
CartPole-v1,ppo,1,434,354.0,
CartPole-v1,ppo,1,435,500.0,
CartPole-v1,ppo,1,436,500.0,
CartPole-v1,ppo,1,437,500.0,
CartPole-v1,ppo,1,438,229.0,
CartPole-v1,ppo,1,439,280.0,
CartPole-v1,ppo,1,440,224.0,500.0
CartPole-v1,ppo,1,441,102.0,
CartPole-v1,ppo,1,442,328.0,
CartPole-v1,ppo,1,443,204.0,
CartPole-v1,ppo,1,444,500.0,
CartPole-v1,ppo,1,445,269.0,
CartPole-v1,ppo,1,446,500.0,
CartPole-v1,ppo,1,447,500.0,
CartPole-v1,ppo,1,448,247.0,
CartPole-v1,ppo,1,449,500.0,
CartPole-v1,ppo,1,450,392.0,
CartPole-v1,ppo,1,451,331.0,
CartPole-v1,ppo,1,452,500.0,
CartPole-v1,ppo,1,453,362.0,
CartPole-v1,ppo,1,454,341.0,
CartPole-v1,ppo,1,455,331.0,
CartPole-v1,ppo,1,456,500.0,
CartPole-v1,ppo,1,457,227.0,
CartPole-v1,ppo,1,458,500.0,
CartPole-v1,ppo,1,459,500.0,
CartPole-v1,ppo,1,460,500.0,500.0
CartPole-v1,ppo,1,461,172.0,
CartPole-v1,ppo,1,462,500.0,
CartPole-v1,ppo,1,463,500.0,
CartPole-v1,ppo,1,464,500.0,
CartPole-v1,ppo,1,465,353.0,
CartPole-v1,ppo,1,466,500.0,
CartPole-v1,ppo,1,467,500.0,
CartPole-v1,ppo,1,468,385.0,
CartPole-v1,ppo,1,469,239.0,
CartPole-v1,ppo,1,470,442.0,
CartPole-v1,ppo,1,471,343.0,
CartPole-v1,ppo,1,472,476.0,
CartPole-v1,ppo,1,473,500.0,
CartPole-v1,ppo,1,474,500.0,
CartPole-v1,ppo,1,475,274.0,
CartPole-v1,ppo,1,476,358.0,
CartPole-v1,ppo,1,477,500.0,
CartPole-v1,ppo,1,478,500.0,
CartPole-v1,ppo,1,479,453.0,
CartPole-v1,ppo,1,480,255.0,500.0
CartPole-v1,ppo,1,481,423.0,
CartPole-v1,ppo,1,482,476.0,
CartPole-v1,ppo,1,483,500.0,
CartPole-v1,ppo,1,484,500.0,
CartPole-v1,ppo,1,485,461.0,
CartPole-v1,ppo,1,486,500.0,
CartPole-v1,ppo,1,487,473.0,
CartPole-v1,ppo,1,488,500.0,
CartPole-v1,ppo,1,489,486.0,
CartPole-v1,ppo,1,490,476.0,
CartPole-v1,ppo,1,491,443.0,
CartPole-v1,ppo,1,492,500.0,
CartPole-v1,ppo,1,493,500.0,
CartPole-v1,ppo,1,494,310.0,
CartPole-v1,ppo,1,495,306.0,
CartPole-v1,ppo,1,496,409.0,
CartPole-v1,ppo,1,497,500.0,
CartPole-v1,ppo,1,498,500.0,
CartPole-v1,ppo,1,499,500.0,
CartPole-v1,ppo,1,500,312.0,500.0
CartPole-v1,ppo,2,1,19.0,
CartPole-v1,ppo,2,2,19.0,
CartPole-v1,ppo,2,3,25.0,
CartPole-v1,ppo,2,4,27.0,
CartPole-v1,ppo,2,5,16.0,
CartPole-v1,ppo,2,6,24.0,
CartPole-v1,ppo,2,7,13.0,
CartPole-v1,ppo,2,8,13.0,
CartPole-v1,ppo,2,9,12.0,
CartPole-v1,ppo,2,10,18.0,
CartPole-v1,ppo,2,11,14.0,
CartPole-v1,ppo,2,12,30.0,
CartPole-v1,ppo,2,13,14.0,
CartPole-v1,ppo,2,14,14.0,
CartPole-v1,ppo,2,15,48.0,
CartPole-v1,ppo,2,16,26.0,
CartPole-v1,ppo,2,17,17.0,
CartPole-v1,ppo,2,18,30.0,
CartPole-v1,ppo,2,19,16.0,
CartPole-v1,ppo,2,20,17.0,9.2
CartPole-v1,ppo,2,21,28.0,
CartPole-v1,ppo,2,22,11.0,
CartPole-v1,ppo,2,23,10.0,
CartPole-v1,ppo,2,24,51.0,
CartPole-v1,ppo,2,25,20.0,
CartPole-v1,ppo,2,26,19.0,
CartPole-v1,ppo,2,27,10.0,
CartPole-v1,ppo,2,28,39.0,
CartPole-v1,ppo,2,29,36.0,
CartPole-v1,ppo,2,30,40.0,
CartPole-v1,ppo,2,31,17.0,
CartPole-v1,ppo,2,32,14.0,
CartPole-v1,ppo,2,33,13.0,
CartPole-v1,ppo,2,34,18.0,
CartPole-v1,ppo,2,35,20.0,
CartPole-v1,ppo,2,36,33.0,
CartPole-v1,ppo,2,37,25.0,
CartPole-v1,ppo,2,38,17.0,
CartPole-v1,ppo,2,39,46.0,
CartPole-v1,ppo,2,40,17.0,9.2
CartPole-v1,ppo,2,41,21.0,
CartPole-v1,ppo,2,42,32.0,
CartPole-v1,ppo,2,43,20.0,
CartPole-v1,ppo,2,44,21.0,
CartPole-v1,ppo,2,45,17.0,
CartPole-v1,ppo,2,46,24.0,
CartPole-v1,ppo,2,47,32.0,
CartPole-v1,ppo,2,48,22.0,
CartPole-v1,ppo,2,49,17.0,
CartPole-v1,ppo,2,50,26.0,
CartPole-v1,ppo,2,51,38.0,
CartPole-v1,ppo,2,52,16.0,
CartPole-v1,ppo,2,53,29.0,
CartPole-v1,ppo,2,54,9.0,
CartPole-v1,ppo,2,55,18.0,
CartPole-v1,ppo,2,56,17.0,
CartPole-v1,ppo,2,57,29.0,
CartPole-v1,ppo,2,58,33.0,
CartPole-v1,ppo,2,59,23.0,
CartPole-v1,ppo,2,60,14.0,15.8
CartPole-v1,ppo,2,61,26.0,
CartPole-v1,ppo,2,62,14.0,
CartPole-v1,ppo,2,63,21.0,
CartPole-v1,ppo,2,64,14.0,
CartPole-v1,ppo,2,65,10.0,
CartPole-v1,ppo,2,66,41.0,
CartPole-v1,ppo,2,67,14.0,
CartPole-v1,ppo,2,68,29.0,
CartPole-v1,ppo,2,69,11.0,
CartPole-v1,ppo,2,70,13.0,
CartPole-v1,ppo,2,71,12.0,
CartPole-v1,ppo,2,72,17.0,
CartPole-v1,ppo,2,73,55.0,
CartPole-v1,ppo,2,74,13.0,
CartPole-v1,ppo,2,75,29.0,
CartPole-v1,ppo,2,76,28.0,
CartPole-v1,ppo,2,77,14.0,
CartPole-v1,ppo,2,78,48.0,
CartPole-v1,ppo,2,79,31.0,
CartPole-v1,ppo,2,80,34.0,21.8
CartPole-v1,ppo,2,81,39.0,
CartPole-v1,ppo,2,82,13.0,
CartPole-v1,ppo,2,83,18.0,
CartPole-v1,ppo,2,84,18.0,
CartPole-v1,ppo,2,85,35.0,
CartPole-v1,ppo,2,86,26.0,
CartPole-v1,ppo,2,87,13.0,
CartPole-v1,ppo,2,88,23.0,
CartPole-v1,ppo,2,89,11.0,
CartPole-v1,ppo,2,90,37.0,
CartPole-v1,ppo,2,91,20.0,
CartPole-v1,ppo,2,92,39.0,
CartPole-v1,ppo,2,93,22.0,
CartPole-v1,ppo,2,94,60.0,
CartPole-v1,ppo,2,95,26.0,
CartPole-v1,ppo,2,96,15.0,
CartPole-v1,ppo,2,97,33.0,
CartPole-v1,ppo,2,98,19.0,
CartPole-v1,ppo,2,99,16.0,
CartPole-v1,ppo,2,100,18.0,35.2
CartPole-v1,ppo,2,101,24.0,
CartPole-v1,ppo,2,102,37.0,
CartPole-v1,ppo,2,103,16.0,
CartPole-v1,ppo,2,104,21.0,
CartPole-v1,ppo,2,105,21.0,
CartPole-v1,ppo,2,106,66.0,
CartPole-v1,ppo,2,107,49.0,
CartPole-v1,ppo,2,108,143.0,
CartPole-v1,ppo,2,109,38.0,
CartPole-v1,ppo,2,110,33.0,
CartPole-v1,ppo,2,111,56.0,
CartPole-v1,ppo,2,112,19.0,
CartPole-v1,ppo,2,113,38.0,
CartPole-v1,ppo,2,114,53.0,
CartPole-v1,ppo,2,115,35.0,
CartPole-v1,ppo,2,116,21.0,
CartPole-v1,ppo,2,117,27.0,
CartPole-v1,ppo,2,118,23.0,
CartPole-v1,ppo,2,119,62.0,
CartPole-v1,ppo,2,120,42.0,88.2
CartPole-v1,ppo,2,121,22.0,
CartPole-v1,ppo,2,122,31.0,
CartPole-v1,ppo,2,123,19.0,
CartPole-v1,ppo,2,124,19.0,
CartPole-v1,ppo,2,125,33.0,
CartPole-v1,ppo,2,126,23.0,
CartPole-v1,ppo,2,127,69.0,
CartPole-v1,ppo,2,128,34.0,
CartPole-v1,ppo,2,129,64.0,
CartPole-v1,ppo,2,130,11.0,
CartPole-v1,ppo,2,131,32.0,
CartPole-v1,ppo,2,132,28.0,
CartPole-v1,ppo,2,133,34.0,
CartPole-v1,ppo,2,134,71.0,
CartPole-v1,ppo,2,135,104.0,
CartPole-v1,ppo,2,136,23.0,
CartPole-v1,ppo,2,137,27.0,
CartPole-v1,ppo,2,138,73.0,
CartPole-v1,ppo,2,139,30.0,
CartPole-v1,ppo,2,140,126.0,95.4
CartPole-v1,ppo,2,141,43.0,
CartPole-v1,ppo,2,142,27.0,
CartPole-v1,ppo,2,143,38.0,
CartPole-v1,ppo,2,144,17.0,
CartPole-v1,ppo,2,145,34.0,
CartPole-v1,ppo,2,146,56.0,
CartPole-v1,ppo,2,147,40.0,
CartPole-v1,ppo,2,148,39.0,
CartPole-v1,ppo,2,149,54.0,
CartPole-v1,ppo,2,150,78.0,
CartPole-v1,ppo,2,151,34.0,
CartPole-v1,ppo,2,152,54.0,
CartPole-v1,ppo,2,153,35.0,
CartPole-v1,ppo,2,154,141.0,
CartPole-v1,ppo,2,155,115.0,
CartPole-v1,ppo,2,156,151.0,
CartPole-v1,ppo,2,157,43.0,
CartPole-v1,ppo,2,158,22.0,
CartPole-v1,ppo,2,159,65.0,
CartPole-v1,ppo,2,160,210.0,131.6
CartPole-v1,ppo,2,161,48.0,
CartPole-v1,ppo,2,162,71.0,
CartPole-v1,ppo,2,163,43.0,
CartPole-v1,ppo,2,164,15.0,
CartPole-v1,ppo,2,165,36.0,
CartPole-v1,ppo,2,166,57.0,
CartPole-v1,ppo,2,167,20.0,
CartPole-v1,ppo,2,168,44.0,
CartPole-v1,ppo,2,169,90.0,
CartPole-v1,ppo,2,170,69.0,
CartPole-v1,ppo,2,171,187.0,
CartPole-v1,ppo,2,172,45.0,
CartPole-v1,ppo,2,173,178.0,
CartPole-v1,ppo,2,174,106.0,
CartPole-v1,ppo,2,175,53.0,
CartPole-v1,ppo,2,176,117.0,
CartPole-v1,ppo,2,177,44.0,
CartPole-v1,ppo,2,178,67.0,
CartPole-v1,ppo,2,179,78.0,
CartPole-v1,ppo,2,180,64.0,208.6
CartPole-v1,ppo,2,181,96.0,
CartPole-v1,ppo,2,182,41.0,
CartPole-v1,ppo,2,183,71.0,
CartPole-v1,ppo,2,184,38.0,
CartPole-v1,ppo,2,185,89.0,
CartPole-v1,ppo,2,186,52.0,
CartPole-v1,ppo,2,187,63.0,
CartPole-v1,ppo,2,188,118.0,
CartPole-v1,ppo,2,189,30.0,
CartPole-v1,ppo,2,190,260.0,
CartPole-v1,ppo,2,191,72.0,
CartPole-v1,ppo,2,192,124.0,
CartPole-v1,ppo,2,193,60.0,
CartPole-v1,ppo,2,194,88.0,
CartPole-v1,ppo,2,195,154.0,
CartPole-v1,ppo,2,196,126.0,
CartPole-v1,ppo,2,197,86.0,
CartPole-v1,ppo,2,198,56.0,
CartPole-v1,ppo,2,199,70.0,
CartPole-v1,ppo,2,200,218.0,500.0
CartPole-v1,ppo,2,201,49.0,
CartPole-v1,ppo,2,202,186.0,
CartPole-v1,ppo,2,203,28.0,
CartPole-v1,ppo,2,204,70.0,
CartPole-v1,ppo,2,205,194.0,
CartPole-v1,ppo,2,206,77.0,
CartPole-v1,ppo,2,207,102.0,
CartPole-v1,ppo,2,208,197.0,
CartPole-v1,ppo,2,209,34.0,
CartPole-v1,ppo,2,210,181.0,
CartPole-v1,ppo,2,211,157.0,
CartPole-v1,ppo,2,212,36.0,
CartPole-v1,ppo,2,213,125.0,
CartPole-v1,ppo,2,214,114.0,
CartPole-v1,ppo,2,215,66.0,
CartPole-v1,ppo,2,216,184.0,
CartPole-v1,ppo,2,217,109.0,
CartPole-v1,ppo,2,218,165.0,
CartPole-v1,ppo,2,219,90.0,
CartPole-v1,ppo,2,220,272.0,434.8
CartPole-v1,ppo,2,221,85.0,
CartPole-v1,ppo,2,222,140.0,
CartPole-v1,ppo,2,223,60.0,
CartPole-v1,ppo,2,224,227.0,
CartPole-v1,ppo,2,225,185.0,
CartPole-v1,ppo,2,226,36.0,
CartPole-v1,ppo,2,227,307.0,
CartPole-v1,ppo,2,228,137.0,
CartPole-v1,ppo,2,229,53.0,
CartPole-v1,ppo,2,230,210.0,
CartPole-v1,ppo,2,231,317.0,
CartPole-v1,ppo,2,232,312.0,
CartPole-v1,ppo,2,233,98.0,
CartPole-v1,ppo,2,234,119.0,
CartPole-v1,ppo,2,235,355.0,
CartPole-v1,ppo,2,236,165.0,
CartPole-v1,ppo,2,237,189.0,
CartPole-v1,ppo,2,238,142.0,
CartPole-v1,ppo,2,239,37.0,
CartPole-v1,ppo,2,240,119.0,281.2
CartPole-v1,ppo,2,241,132.0,
CartPole-v1,ppo,2,242,132.0,
CartPole-v1,ppo,2,243,111.0,
CartPole-v1,ppo,2,244,93.0,
CartPole-v1,ppo,2,245,280.0,
CartPole-v1,ppo,2,246,37.0,
CartPole-v1,ppo,2,247,241.0,
CartPole-v1,ppo,2,248,163.0,
CartPole-v1,ppo,2,249,163.0,
CartPole-v1,ppo,2,250,192.0,
CartPole-v1,ppo,2,251,130.0,
CartPole-v1,ppo,2,252,32.0,
CartPole-v1,ppo,2,253,109.0,
CartPole-v1,ppo,2,254,33.0,
CartPole-v1,ppo,2,255,243.0,
CartPole-v1,ppo,2,256,329.0,
CartPole-v1,ppo,2,257,127.0,
CartPole-v1,ppo,2,258,278.0,
CartPole-v1,ppo,2,259,165.0,
CartPole-v1,ppo,2,260,197.0,288.2
CartPole-v1,ppo,2,261,102.0,
CartPole-v1,ppo,2,262,252.0,
CartPole-v1,ppo,2,263,229.0,
CartPole-v1,ppo,2,264,135.0,
CartPole-v1,ppo,2,265,306.0,
CartPole-v1,ppo,2,266,302.0,
CartPole-v1,ppo,2,267,137.0,
CartPole-v1,ppo,2,268,103.0,
CartPole-v1,ppo,2,269,276.0,
CartPole-v1,ppo,2,270,32.0,
CartPole-v1,ppo,2,271,500.0,
CartPole-v1,ppo,2,272,252.0,
CartPole-v1,ppo,2,273,229.0,
CartPole-v1,ppo,2,274,188.0,
CartPole-v1,ppo,2,275,240.0,
CartPole-v1,ppo,2,276,240.0,
CartPole-v1,ppo,2,277,240.0,
CartPole-v1,ppo,2,278,185.0,
CartPole-v1,ppo,2,279,206.0,
CartPole-v1,ppo,2,280,129.0,322.4
CartPole-v1,ppo,2,281,183.0,
CartPole-v1,ppo,2,282,135.0,
CartPole-v1,ppo,2,283,330.0,
CartPole-v1,ppo,2,284,109.0,
CartPole-v1,ppo,2,285,141.0,
CartPole-v1,ppo,2,286,402.0,
CartPole-v1,ppo,2,287,225.0,
CartPole-v1,ppo,2,288,347.0,
CartPole-v1,ppo,2,289,200.0,
CartPole-v1,ppo,2,290,294.0,
CartPole-v1,ppo,2,291,95.0,
CartPole-v1,ppo,2,292,286.0,
CartPole-v1,ppo,2,293,146.0,
CartPole-v1,ppo,2,294,298.0,
CartPole-v1,ppo,2,295,177.0,
CartPole-v1,ppo,2,296,189.0,
CartPole-v1,ppo,2,297,70.0,
CartPole-v1,ppo,2,298,195.0,
CartPole-v1,ppo,2,299,260.0,
CartPole-v1,ppo,2,300,198.0,255.8
CartPole-v1,ppo,2,301,173.0,
CartPole-v1,ppo,2,302,178.0,
CartPole-v1,ppo,2,303,158.0,
CartPole-v1,ppo,2,304,240.0,
CartPole-v1,ppo,2,305,171.0,
CartPole-v1,ppo,2,306,120.0,
CartPole-v1,ppo,2,307,191.0,
CartPole-v1,ppo,2,308,162.0,
CartPole-v1,ppo,2,309,55.0,
CartPole-v1,ppo,2,310,121.0,
CartPole-v1,ppo,2,311,223.0,
CartPole-v1,ppo,2,312,379.0,
CartPole-v1,ppo,2,313,261.0,
CartPole-v1,ppo,2,314,220.0,
CartPole-v1,ppo,2,315,326.0,
CartPole-v1,ppo,2,316,426.0,
CartPole-v1,ppo,2,317,156.0,
CartPole-v1,ppo,2,318,150.0,
CartPole-v1,ppo,2,319,336.0,
CartPole-v1,ppo,2,320,180.0,469.0
CartPole-v1,ppo,2,321,187.0,
CartPole-v1,ppo,2,322,118.0,
CartPole-v1,ppo,2,323,397.0,
CartPole-v1,ppo,2,324,246.0,
CartPole-v1,ppo,2,325,323.0,
CartPole-v1,ppo,2,326,216.0,
CartPole-v1,ppo,2,327,47.0,
CartPole-v1,ppo,2,328,386.0,
CartPole-v1,ppo,2,329,160.0,
CartPole-v1,ppo,2,330,321.0,
CartPole-v1,ppo,2,331,292.0,
CartPole-v1,ppo,2,332,199.0,
CartPole-v1,ppo,2,333,276.0,
CartPole-v1,ppo,2,334,127.0,
CartPole-v1,ppo,2,335,241.0,
CartPole-v1,ppo,2,336,219.0,
CartPole-v1,ppo,2,337,500.0,
CartPole-v1,ppo,2,338,392.0,
CartPole-v1,ppo,2,339,133.0,
CartPole-v1,ppo,2,340,188.0,500.0
CartPole-v1,ppo,2,341,168.0,
CartPole-v1,ppo,2,342,267.0,
CartPole-v1,ppo,2,343,124.0,
CartPole-v1,ppo,2,344,500.0,
CartPole-v1,ppo,2,345,500.0,
CartPole-v1,ppo,2,346,500.0,
CartPole-v1,ppo,2,347,191.0,
CartPole-v1,ppo,2,348,500.0,
CartPole-v1,ppo,2,349,122.0,
CartPole-v1,ppo,2,350,408.0,
CartPole-v1,ppo,2,351,375.0,
CartPole-v1,ppo,2,352,373.0,
CartPole-v1,ppo,2,353,290.0,
CartPole-v1,ppo,2,354,413.0,
CartPole-v1,ppo,2,355,281.0,
CartPole-v1,ppo,2,356,303.0,
CartPole-v1,ppo,2,357,262.0,
CartPole-v1,ppo,2,358,500.0,
CartPole-v1,ppo,2,359,313.0,
CartPole-v1,ppo,2,360,381.0,500.0
CartPole-v1,ppo,2,361,305.0,
CartPole-v1,ppo,2,362,500.0,
CartPole-v1,ppo,2,363,500.0,
CartPole-v1,ppo,2,364,500.0,
CartPole-v1,ppo,2,365,272.0,
CartPole-v1,ppo,2,366,427.0,
CartPole-v1,ppo,2,367,231.0,
CartPole-v1,ppo,2,368,113.0,
CartPole-v1,ppo,2,369,310.0,
CartPole-v1,ppo,2,370,500.0,
CartPole-v1,ppo,2,371,500.0,
CartPole-v1,ppo,2,372,217.0,
CartPole-v1,ppo,2,373,387.0,
CartPole-v1,ppo,2,374,500.0,
CartPole-v1,ppo,2,375,500.0,
CartPole-v1,ppo,2,376,176.0,
CartPole-v1,ppo,2,377,196.0,
CartPole-v1,ppo,2,378,330.0,
CartPole-v1,ppo,2,379,204.0,
CartPole-v1,ppo,2,380,157.0,478.6
CartPole-v1,ppo,2,381,212.0,
CartPole-v1,ppo,2,382,221.0,
CartPole-v1,ppo,2,383,352.0,
CartPole-v1,ppo,2,384,239.0,
CartPole-v1,ppo,2,385,401.0,
CartPole-v1,ppo,2,386,271.0,
CartPole-v1,ppo,2,387,490.0,
CartPole-v1,ppo,2,388,405.0,
CartPole-v1,ppo,2,389,395.0,
CartPole-v1,ppo,2,390,98.0,
CartPole-v1,ppo,2,391,422.0,
CartPole-v1,ppo,2,392,411.0,
CartPole-v1,ppo,2,393,195.0,
CartPole-v1,ppo,2,394,399.0,
CartPole-v1,ppo,2,395,365.0,
CartPole-v1,ppo,2,396,349.0,
CartPole-v1,ppo,2,397,330.0,
CartPole-v1,ppo,2,398,490.0,
CartPole-v1,ppo,2,399,288.0,
CartPole-v1,ppo,2,400,500.0,500.0
CartPole-v1,ppo,2,401,500.0,
CartPole-v1,ppo,2,402,500.0,
CartPole-v1,ppo,2,403,426.0,
CartPole-v1,ppo,2,404,203.0,
CartPole-v1,ppo,2,405,200.0,
CartPole-v1,ppo,2,406,282.0,
CartPole-v1,ppo,2,407,300.0,
CartPole-v1,ppo,2,408,500.0,
CartPole-v1,ppo,2,409,281.0,
CartPole-v1,ppo,2,410,445.0,
CartPole-v1,ppo,2,411,345.0,
CartPole-v1,ppo,2,412,259.0,
CartPole-v1,ppo,2,413,500.0,
CartPole-v1,ppo,2,414,203.0,
CartPole-v1,ppo,2,415,306.0,
CartPole-v1,ppo,2,416,357.0,
CartPole-v1,ppo,2,417,432.0,
CartPole-v1,ppo,2,418,396.0,
CartPole-v1,ppo,2,419,230.0,
CartPole-v1,ppo,2,420,329.0,500.0
CartPole-v1,ppo,2,421,341.0,
CartPole-v1,ppo,2,422,246.0,
CartPole-v1,ppo,2,423,426.0,
CartPole-v1,ppo,2,424,500.0,
CartPole-v1,ppo,2,425,500.0,
CartPole-v1,ppo,2,426,500.0,
CartPole-v1,ppo,2,427,372.0,
CartPole-v1,ppo,2,428,223.0,
CartPole-v1,ppo,2,429,500.0,
CartPole-v1,ppo,2,430,438.0,
CartPole-v1,ppo,2,431,224.0,
CartPole-v1,ppo,2,432,500.0,
CartPole-v1,ppo,2,433,199.0,
CartPole-v1,ppo,2,434,202.0,
CartPole-v1,ppo,2,435,500.0,
CartPole-v1,ppo,2,436,350.0,
CartPole-v1,ppo,2,437,500.0,
CartPole-v1,ppo,2,438,500.0,
CartPole-v1,ppo,2,439,365.0,
CartPole-v1,ppo,2,440,218.0,500.0
CartPole-v1,ppo,2,441,500.0,
CartPole-v1,ppo,2,442,461.0,
CartPole-v1,ppo,2,443,374.0,
CartPole-v1,ppo,2,444,500.0,
CartPole-v1,ppo,2,445,500.0,
CartPole-v1,ppo,2,446,500.0,
CartPole-v1,ppo,2,447,158.0,
CartPole-v1,ppo,2,448,287.0,
CartPole-v1,ppo,2,449,282.0,
CartPole-v1,ppo,2,450,455.0,
CartPole-v1,ppo,2,451,210.0,
CartPole-v1,ppo,2,452,402.0,
CartPole-v1,ppo,2,453,465.0,
CartPole-v1,ppo,2,454,500.0,
CartPole-v1,ppo,2,455,439.0,
CartPole-v1,ppo,2,456,253.0,
CartPole-v1,ppo,2,457,195.0,
CartPole-v1,ppo,2,458,339.0,
CartPole-v1,ppo,2,459,297.0,
CartPole-v1,ppo,2,460,290.0,500.0
CartPole-v1,ppo,2,461,240.0,
CartPole-v1,ppo,2,462,500.0,
CartPole-v1,ppo,2,463,450.0,
CartPole-v1,ppo,2,464,327.0,
CartPole-v1,ppo,2,465,500.0,
CartPole-v1,ppo,2,466,225.0,
CartPole-v1,ppo,2,467,201.0,
CartPole-v1,ppo,2,468,276.0,
CartPole-v1,ppo,2,469,176.0,
CartPole-v1,ppo,2,470,329.0,
CartPole-v1,ppo,2,471,130.0,
CartPole-v1,ppo,2,472,254.0,
CartPole-v1,ppo,2,473,397.0,
CartPole-v1,ppo,2,474,500.0,
CartPole-v1,ppo,2,475,269.0,
CartPole-v1,ppo,2,476,188.0,
CartPole-v1,ppo,2,477,382.0,
CartPole-v1,ppo,2,478,420.0,
CartPole-v1,ppo,2,479,232.0,
CartPole-v1,ppo,2,480,337.0,500.0
CartPole-v1,ppo,2,481,120.0,
CartPole-v1,ppo,2,482,140.0,
CartPole-v1,ppo,2,483,298.0,
CartPole-v1,ppo,2,484,472.0,
CartPole-v1,ppo,2,485,257.0,
CartPole-v1,ppo,2,486,396.0,
CartPole-v1,ppo,2,487,330.0,
CartPole-v1,ppo,2,488,500.0,
CartPole-v1,ppo,2,489,398.0,
CartPole-v1,ppo,2,490,376.0,
CartPole-v1,ppo,2,491,500.0,
CartPole-v1,ppo,2,492,219.0,
CartPole-v1,ppo,2,493,496.0,
CartPole-v1,ppo,2,494,435.0,
CartPole-v1,ppo,2,495,251.0,
CartPole-v1,ppo,2,496,487.0,
CartPole-v1,ppo,2,497,203.0,
CartPole-v1,ppo,2,498,145.0,
CartPole-v1,ppo,2,499,500.0,
CartPole-v1,ppo,2,500,222.0,500.0
